"Time (s) Run #2","Position (m) Run #2","Velocity (m/s) Run #2","Acceleration (m/s²) Run #2","Time (s) Run #3","Position (m) Run #3","Velocity (m/s) Run #3","Acceleration (m/s²) Run #3","Time (s) Run #4","Position (m) Run #4","Velocity (m/s) Run #4","Acceleration (m/s²) Run #4","Time (s) Run #5","Position (m) Run #5","Velocity (m/s) Run #5","Acceleration (m/s²) Run #5","Time (s) Run #6","Position (m) Run #6","Velocity (m/s) Run #6","Acceleration (m/s²) Run #6","Time (s) Run #8","Position (m) Run #8","Velocity (m/s) Run #8","Acceleration (m/s²) Run #8","Time (s) Run #9","Position (m) Run #9","Velocity (m/s) Run #9","Acceleration (m/s²) Run #9","Time (s) Run #10","Position (m) Run #10","Velocity (m/s) Run #10","Acceleration (m/s²) Run #10","Time (s) Run #11","Position (m) Run #11","Velocity (m/s) Run #11","Acceleration (m/s²) Run #11","Time (s) Run #12","Position (m) Run #12","Velocity (m/s) Run #12","Acceleration (m/s²) Run #12"
0.000,0.97,,,0.000,0.98,,,0.000,0.98,,,0.000,0.98,,,0.000,1.00,,,0.000,0.97,,,0.000,0.98,,,0.000,1.02,,,0.000,0.95,,,0.000,0.95,,
0.020,1.01,0.49,,0.020,0.98,-0.04,,0.020,0.97,-0.18,,0.020,1.02,-0.06,,0.020,1.00,-0.08,,0.020,0.97,0.00,,0.020,0.98,-0.07,,0.020,1.03,-0.27,,0.020,0.94,-0.06,,0.020,0.94,-0.03,
0.040,0.99,-0.05,-20.25,0.040,0.98,-0.13,-1.57,0.040,0.97,-0.02,6.39,0.040,0.98,-0.47,-10.64,0.040,1.00,-0.02,2.40,0.040,0.97,0.02,1.04,0.040,0.98,-0.10,-0.97,0.040,1.01,-0.49,-4.37,0.040,0.94,-0.03,1.54,0.040,0.94,-0.01,0.60
0.060,0.99,-0.32,-6.69,0.060,0.97,-0.11,2.82,0.060,0.97,0.07,3.24,0.060,0.98,-0.49,6.48,0.060,1.00,0.02,1.24,0.060,0.97,0.04,0.51,0.060,0.98,-0.11,0.56,0.060,1.00,-0.45,11.54,0.060,0.94,0.01,0.91,0.060,0.94,0.00,0.38
0.080,0.98,-0.21,1.37,0.080,0.97,0.02,4.40,0.080,0.97,0.09,0.98,0.080,0.97,0.06,11.20,0.080,1.00,0.04,-0.04,0.080,0.97,0.05,-3.77E-4,0.080,0.97,-0.09,2.17,0.080,0.99,0.06,14.92,0.080,0.94,0.02,0.19,0.080,0.94,0.00,0.19
0.100,0.98,-0.15,3.86,0.100,0.97,0.14,2.05,0.100,0.98,0.09,-0.34,0.100,0.97,0.19,5.62,0.100,1.00,0.01,-1.12,0.100,0.97,0.04,-0.21,0.100,0.97,-0.02,2.69,0.100,0.99,0.56,2.44,0.100,0.94,0.01,-0.24,0.100,0.94,0.00,0.08
0.120,0.98,-0.05,3.12,0.120,0.98,0.15,-2.37,0.120,0.98,0.07,-0.78,0.120,0.99,0.20,-3.98,0.120,1.00,-0.02,-1.59,0.120,0.97,0.03,-0.05,0.120,0.97,0.06,1.43,0.120,1.02,0.29,-15.04,0.120,0.94,-0.01,-0.04,0.120,0.94,0.00,0.04
0.140,0.98,-0.01,2.52,0.140,0.98,0.01,-5.19,0.140,0.98,0.05,-0.78,0.140,0.98,0.04,-9.10,0.140,1.00,-0.06,-1.21,0.140,0.97,0.04,0.09,0.140,0.98,0.06,-0.46,0.140,1.04,-0.38,-18.45,0.140,0.94,0.00,0.01,0.140,0.94,0.00,0.03
0.160,0.98,0.03,2.34,0.160,0.98,-0.13,-4.35,0.160,0.98,0.04,-0.68,0.160,0.99,-0.28,-9.29,0.160,1.00,-0.08,-0.29,0.160,0.97,0.04,-0.10,0.160,0.98,0.00,-0.94,0.160,0.98,-0.79,-5.65,0.160,0.94,0.02,-0.58,0.160,0.94,0.00,0.02
0.180,0.98,0.07,3.18,0.180,0.97,-0.20,-1.05,0.180,0.98,0.03,-1.03,0.180,0.98,-0.43,-3.51,0.180,0.99,-0.07,0.96,0.180,0.98,0.03,-0.43,0.180,0.97,-0.02,-0.04,0.180,0.99,-0.56,5.99,0.180,0.94,-0.02,-1.26,0.180,0.94,0.00,-0.02
0.200,0.98,0.14,3.41,0.200,0.97,-0.16,1.91,0.200,0.98,0.01,-1.66,0.200,0.96,-0.44,3.35,0.200,0.99,-0.04,1.59,0.200,0.98,0.02,-0.52,0.200,0.97,0.02,0.86,0.200,0.98,-0.21,8.53,0.200,0.94,-0.06,-0.90,0.200,0.94,0.00,-0.08
0.220,0.98,0.25,1.69,0.220,0.97,-0.08,3.08,0.220,0.98,-0.04,-1.26,0.220,0.96,-0.21,5.52,0.220,0.99,0.02,1.17,0.220,0.98,0.01,-0.37,0.220,0.98,0.04,1.46,0.220,0.98,-0.25,5.77,0.220,0.94,-0.07,0.55,0.220,0.94,0.00,-0.14
0.240,0.99,0.25,-2.63,0.240,0.97,-0.02,2.56,0.240,0.98,-0.08,0.51,0.240,0.96,-0.09,3.60,0.240,0.99,0.02,0.18,0.240,0.98,0.01,-0.18,0.240,0.98,0.05,2.26,0.240,0.97,-0.08,3.14,0.240,0.94,-0.03,1.50,0.240,0.94,0.00,-0.11
0.260,1.00,0.16,-7.27,0.260,0.97,0.03,1.42,0.260,0.98,-0.03,2.01,0.260,0.96,-0.12,0.87,0.260,0.99,0.01,-0.66,0.260,0.98,0.00,-0.09,0.260,0.98,0.13,2.59,0.260,0.97,0.00,0.57,0.260,0.94,0.02,0.69,0.260,0.94,0.00,0.01
0.280,0.99,-0.08,-8.25,0.280,0.97,0.03,0.51,0.280,0.98,0.06,1.09,0.280,0.95,-0.11,0.07,0.280,0.99,-0.01,-0.93,0.280,0.98,0.00,-0.07,0.280,0.98,0.20,1.00,0.280,0.98,-0.09,-1.28,0.280,0.94,0.02,-1.35,0.280,0.94,0.00,0.11
0.300,1.00,-0.28,-4.61,0.300,0.97,0.03,-0.01,0.300,0.98,0.06,-1.67,0.300,0.95,-0.10,0.24,0.300,0.99,-0.03,-1.17,0.300,0.98,0.00,-0.06,0.300,0.99,0.20,-2.03,0.300,0.97,-0.18,0.36,0.300,0.94,-0.05,-2.46,0.300,0.94,0.00,0.08
0.320,0.98,-0.29,1.32,0.320,0.97,0.03,-0.24,0.320,0.98,-0.04,-2.93,0.320,0.95,-0.11,0.94,0.320,0.99,-0.05,-1.06,0.320,0.98,0.00,-0.04,0.320,0.99,0.10,-4.36,0.320,0.96,-0.05,0.91,0.320,0.94,-0.12,-1.10,0.320,0.94,0.00,-0.02
0.340,0.98,-0.18,4.52,0.340,0.97,0.03,-0.36,0.340,0.98,-0.13,-1.26,0.340,0.95,-0.09,2.12,0.340,0.99,-0.09,-0.15,0.340,0.98,0.00,-0.01,0.340,0.99,-0.02,-5.95,0.340,0.96,0.01,-1.81,0.340,0.94,-0.13,1.58,0.340,0.94,1.97E-4,-0.08
0.360,0.98,-0.02,3.92,0.360,0.97,0.01,-0.35,0.360,0.97,-0.11,1.55,0.360,0.95,0.00,2.48,0.360,0.99,-0.08,1.25,0.360,0.98,0.00,0.00,0.360,0.99,-0.10,-7.53,0.360,0.97,-0.17,-3.18,0.360,0.93,-0.03,2.60,0.360,0.94,0.00,-0.04
0.380,0.98,0.00,1.84,0.380,0.97,0.01,-0.47,0.380,0.97,-0.03,2.87,0.380,0.95,0.05,1.50,0.380,0.99,-0.02,2.12,0.380,0.98,0.00,0.00,0.380,0.99,-0.31,-7.66,0.380,0.95,-0.28,1.03,0.380,0.93,0.05,0.70,0.380,0.94,0.00,0.01
0.400,0.98,0.00,0.47,0.400,0.97,0.01,-0.89,0.400,0.97,0.04,2.08,0.400,0.95,0.05,0.33,0.400,0.99,0.03,1.62,0.400,0.98,0.00,0.00,0.400,0.98,-0.51,-3.79,0.400,0.95,-0.14,6.63,0.400,0.94,0.01,-2.08,0.400,0.94,0.00,0.03
0.420,0.98,0.01,0.26,0.420,0.97,-0.02,-1.36,0.420,0.98,0.07,0.41,0.420,0.95,0.04,0.24,0.420,0.99,0.06,0.14,0.420,0.98,0.00,0.00,0.420,0.96,-0.53,3.25,0.420,0.95,0.11,8.52,0.420,0.94,-0.09,-2.73,0.420,0.94,-1.97E-4,0.05
0.440,0.98,0.02,0.10,0.440,0.97,-0.06,-1.15,0.440,0.98,0.05,-0.76,0.440,0.95,0.05,0.79,0.440,0.99,0.04,-1.38,0.440,0.98,0.00,-0.01,0.440,0.95,-0.34,7.69,0.440,0.96,0.24,6.91,0.440,0.93,-0.14,-1.01,0.440,0.94,0.00,0.05
0.460,0.98,0.01,-0.08,0.460,0.97,-0.09,-0.11,0.460,0.98,0.01,-0.87,0.460,0.95,0.08,0.58,0.460,0.99,-0.01,-1.90,0.460,0.98,2.03E-4,-0.03,0.460,0.95,-0.09,6.89,0.460,0.96,0.36,4.22,0.460,0.93,-0.12,0.86,0.460,0.94,0.00,0.03
0.480,0.98,0.01,-0.25,0.480,0.97,-0.07,1.05,0.480,0.98,0.00,-0.40,0.480,0.95,0.10,-0.89,0.480,0.99,-0.06,-1.14,0.480,0.98,0.00,-0.05,0.480,0.95,-0.03,3.25,0.480,0.97,0.43,0.64,0.480,0.93,-0.07,1.49,0.480,0.94,0.00,-0.02
0.500,0.98,0.01,-0.49,0.500,0.97,-0.03,1.42,0.500,0.98,0.01,-0.14,0.500,0.96,0.06,-2.34,0.500,0.99,-0.07,0.20,0.500,0.98,0.00,-0.03,0.500,0.95,-0.02,0.60,0.500,0.98,0.42,-4.08,0.500,0.93,-0.05,1.11,0.500,0.94,0.00,-0.05
0.520,0.98,-0.01,-0.83,0.520,0.97,0.01,1.82,0.520,0.98,0.01,-0.41,0.520,0.96,-0.03,-1.24,0.520,0.99,-0.04,1.04,0.520,0.98,0.00,0.02,0.520,0.95,-0.02,-0.01,0.520,0.99,0.26,-6.83,0.520,0.93,-0.03,0.54,0.520,0.94,0.00,-0.04
0.540,0.98,-0.03,-1.23,0.540,0.97,0.01,2.14,0.540,0.98,-0.01,-0.80,0.540,0.95,-0.06,2.37,0.540,0.99,-0.01,0.95,0.540,0.98,0.00,0.05,0.540,0.95,-0.02,0.04,0.540,1.00,0.05,-3.84,0.540,0.93,-0.03,0.24,0.540,0.94,0.00,-0.01
0.560,0.98,-0.06,-1.41,0.560,0.97,0.11,1.11,0.560,0.98,-0.03,-0.79,0.560,0.95,0.07,5.01,0.560,0.99,0.00,0.36,0.560,0.98,0.00,0.04,0.560,0.95,-0.02,0.12,0.560,0.99,-0.01,1.49,0.560,0.92,-0.03,0.21,0.560,0.94,0.00,0.00
0.580,0.98,-0.09,-0.96,0.580,0.97,0.12,-1.19,0.580,0.98,-0.05,-0.14,0.580,0.95,0.23,3.69,0.580,0.99,3.89E-6,-0.15,0.580,0.98,0.00,0.01,0.580,0.95,-0.02,-0.06,0.580,0.99,0.23,1.08,0.580,0.92,-0.02,0.33,0.580,0.94,0.00,0.00
0.600,0.98,-0.11,0.16,0.600,0.98,0.03,-2.45,0.600,0.98,-0.04,0.68,0.600,0.96,0.27,0.03,0.600,0.99,-0.01,-0.16,0.600,0.98,0.00,0.00,0.600,0.95,-0.02,-0.41,0.600,1.00,0.25,-4.83,0.600,0.92,-0.01,0.54,0.600,0.94,0.00,0.01
0.620,0.97,-0.09,1.30,0.620,0.97,-0.05,-0.20,0.620,0.97,-0.01,1.09,0.620,0.97,0.18,-1.62,0.620,0.99,-0.02,0.22,0.620,0.98,0.00,0.00,0.620,0.95,-0.03,-0.53,0.620,1.02,-0.09,-7.58,0.620,0.92,-0.01,0.83,0.620,0.94,-1.97E-4,0.03
0.640,0.97,-0.04,1.91,0.640,0.97,-0.01,2.55,0.640,0.97,0.01,0.92,0.640,0.97,0.13,-0.31,0.640,0.98,-6.19E-4,0.50,0.640,0.98,0.00,0.01,0.640,0.95,-0.05,-0.16,0.640,0.99,-0.27,-2.53,0.640,0.92,0.02,1.05,0.640,0.94,0.00,0.07
0.660,0.97,0.00,3.12,0.660,0.97,0.14,2.37,0.660,0.98,0.03,0.49,0.660,0.97,0.18,1.26,0.660,0.98,0.02,0.34,0.660,0.98,-2.03E-4,0.03,0.660,0.95,-0.05,0.50,0.660,0.98,-0.15,2.20,0.660,0.92,0.05,0.60,0.660,0.94,0.00,0.10
0.680,0.97,0.04,5.23,0.680,0.97,0.15,-0.52,0.680,0.98,0.03,0.30,0.680,0.98,0.24,0.70,0.680,0.99,0.02,0.01,0.680,0.98,0.00,0.06,0.680,0.95,-0.02,0.84,0.680,1.00,0.01,0.96,0.680,0.93,0.06,-0.73,0.680,0.95,0.01,0.08
0.700,0.97,0.21,5.77,0.700,0.98,0.08,-3.19,0.700,0.98,0.03,0.41,0.700,0.98,0.23,-1.11,0.700,0.99,0.01,-0.06,0.700,0.98,0.00,0.06,0.700,0.95,-9.85E-4,0.73,0.700,0.99,-0.11,-1.66,0.700,0.93,0.02,-1.88,0.700,0.95,0.01,0.01
0.720,0.98,0.37,0.98,0.720,0.98,-0.01,-3.18,0.720,0.98,0.04,0.49,0.720,0.99,0.17,-2.27,0.720,0.99,0.01,-0.10,0.720,0.98,0.00,0.04,0.720,0.95,0.01,0.45,0.720,0.98,-0.20,-1.37,0.720,0.93,-0.05,-1.81,0.720,0.95,0.01,-0.08
0.740,0.99,0.35,-7.52,0.740,0.97,-0.08,-1.24,0.740,0.98,0.06,0.17,0.740,0.99,0.12,-2.37,0.740,0.99,0.02,-0.47,0.740,0.98,0.00,0.01,0.740,0.95,0.01,0.29,0.740,0.98,-0.14,0.96,0.740,0.92,-0.08,-0.58,0.740,0.95,0.00,-0.12
0.760,1.00,0.01,-11.84,0.760,0.97,-0.07,1.60,0.760,0.98,0.06,-0.41,0.760,0.99,0.07,-2.05,0.760,0.99,0.00,-0.86,0.760,0.98,0.00,0.00,0.760,0.95,0.02,0.23,0.760,0.98,-0.12,3.91,0.760,0.92,-0.06,0.64,0.760,0.95,1.97E-4,-0.11
0.780,0.99,-0.33,-7.74,0.780,0.97,-0.01,3.50,0.780,0.98,0.04,-0.75,0.780,0.99,0.04,-1.94,0.780,0.99,-0.04,-0.66,0.780,0.98,0.00,-0.01,0.780,0.95,0.02,0.30,0.780,0.98,-0.07,6.93,0.780,0.92,-0.03,0.89,0.780,0.95,0.00,-0.09
0.800,0.98,-0.36,0.74,0.800,0.97,0.11,2.51,0.800,0.98,0.02,-0.63,0.800,0.99,0.00,-1.66,0.800,0.98,-0.04,0.06,0.800,0.98,0.00,-0.04,0.800,0.95,0.02,0.44,0.800,0.98,0.20,7.30,0.800,0.92,-0.01,0.83,0.800,0.95,0.00,-0.07
0.820,0.97,-0.20,5.35,0.820,0.97,0.16,-0.69,0.820,0.98,0.01,-0.30,0.820,0.99,-0.04,-0.81,0.820,0.98,-0.03,0.55,0.820,0.98,0.00,-0.08,0.820,0.95,0.04,0.24,0.820,0.98,0.37,2.73,0.820,0.92,-0.02,0.98,0.820,0.95,0.00,-0.06
0.840,0.97,-0.03,5.68,0.840,0.99,0.06,-3.23,0.840,0.98,0.01,-0.08,0.840,0.99,-0.05,0.44,0.840,0.98,-0.01,0.48,0.840,0.98,2.04E-4,-0.09,0.840,0.95,0.05,-0.51,0.840,1.00,0.31,-3.04,0.840,0.92,0.02,1.24,0.840,0.95,-0.01,-0.04
0.860,0.97,-0.02,5.88,0.860,0.98,-0.05,-2.52,0.860,0.98,0.01,-0.01,0.860,0.99,-0.01,1.11,0.860,0.98,0.00,0.17,0.860,0.98,0.00,-0.05,0.860,0.95,0.02,-1.21,0.860,1.00,0.14,-3.74,0.860,0.92,0.05,0.89,0.860,0.95,-0.01,0.00
0.880,0.97,0.14,4.96,0.880,0.98,-0.07,-0.48,0.880,0.98,0.01,-8.67E-17,0.880,0.99,0.03,0.46,0.880,0.98,-0.01,-0.05,0.880,0.98,0.00,-0.02,0.880,0.95,-0.02,-0.83,0.880,1.00,0.06,-0.49,0.880,0.92,0.07,-0.33,0.880,0.94,-0.01,0.02
0.900,0.97,0.33,-0.21,0.900,0.98,-0.01,0.28,0.900,0.98,0.01,0.00,0.900,0.99,0.02,-0.34,0.900,0.98,-0.01,-0.15,0.900,0.98,0.00,-0.02,0.900,0.95,-0.03,0.63,0.900,1.00,0.17,2.17,0.900,0.92,0.04,-1.55,0.900,0.94,0.00,0.03
0.920,0.99,0.21,-7.48,0.920,0.98,-0.03,-0.03,0.920,0.98,0.01,-0.01,0.920,0.99,-0.02,-0.30,0.920,0.98,-0.01,-0.19,0.920,0.98,0.00,-0.03,0.920,0.95,0.01,2.45,0.920,1.00,0.23,1.26,0.920,0.93,-0.01,-2.04,0.920,0.94,0.00,0.02
0.940,0.99,-0.12,-8.39,0.940,0.98,-0.06,0.04,0.940,0.98,0.01,-0.08,0.940,0.99,0.00,-0.51,0.940,0.98,-0.02,-0.05,0.940,0.98,0.00,-0.01,0.940,0.95,0.07,3.50,0.940,1.01,0.24,-1.88,0.940,0.92,-0.06,-1.15,0.940,0.94,0.00,-0.02
0.960,0.97,-0.31,-2.08,0.960,0.98,-0.04,0.86,0.960,0.98,0.01,-0.17,0.960,0.99,0.01,-2.26,0.960,0.98,-0.02,0.25,0.960,0.98,0.00,2.32E-14,0.960,0.95,0.17,2.51,0.960,1.01,0.15,-4.02,0.960,0.92,-0.08,0.58,0.960,0.94,0.00,-0.05
0.980,0.97,-0.16,3.52,0.980,0.97,-0.01,0.93,0.980,0.98,6.14E-4,-0.20,0.980,0.99,-0.08,-4.13,0.980,0.98,-0.01,0.48,0.980,0.98,0.00,4.63E-14,0.980,0.95,0.23,-0.49,0.980,1.02,0.03,-4.08,0.980,0.92,-0.03,1.75,0.980,0.94,-0.01,-0.03
1.000,0.97,2.03E-4,3.82,1.000,0.97,0.02,-0.21,1.000,0.98,0.00,-0.29,1.000,0.99,-0.22,-3.24,1.000,0.98,0.01,0.48,1.000,0.98,0.00,2.32E-14,1.000,0.96,0.16,-3.28,1.000,1.02,-0.04,-2.20,1.000,0.92,0.03,1.30,1.000,0.94,-0.01,0.09
1.020,0.97,-8.24E-4,1.23,1.020,0.98,1.32E-4,-1.52,1.020,0.98,0.00,-0.55,1.020,0.98,-0.27,0.18,1.020,0.98,0.02,0.24,1.020,0.98,0.00,0.00,1.020,0.96,0.03,-3.12,1.020,1.01,-0.06,0.15,1.020,0.92,0.05,-0.36,1.020,0.94,0.00,0.18
1.040,0.97,-0.01,-0.05,1.040,0.98,-0.07,-1.79,1.040,0.98,-0.02,-0.76,1.040,0.98,-0.19,3.00,1.040,0.98,0.02,-0.09,1.040,0.98,0.00,0.01,1.040,0.96,-0.03,-0.40,1.040,1.01,-0.03,1.70,1.040,0.92,0.00,-1.41,1.040,0.94,0.00,0.11
1.060,0.97,-0.01,0.31,1.060,0.97,-0.10,-0.60,1.060,0.98,-0.05,-0.50,1.060,0.97,-0.09,3.91,1.060,0.98,0.01,-0.34,1.060,0.98,0.00,0.03,1.060,0.96,0.03,2.05,1.060,1.01,0.03,1.83,1.060,0.92,-0.04,-1.01,1.060,0.94,0.00,-0.03
1.080,0.97,-1.42E-4,2.27,1.080,0.97,-0.09,0.96,1.080,0.98,-0.05,0.20,1.080,0.97,-0.04,4.72,1.080,0.98,0.00,-0.42,1.080,0.98,0.00,0.01,1.080,0.96,0.10,2.47,1.080,1.01,0.07,0.63,1.080,0.92,-0.05,0.39,1.080,0.94,0.00,-0.06
1.100,0.97,0.03,5.51,1.100,0.97,-0.04,1.55,1.100,0.98,-0.03,0.70,1.100,0.97,0.05,6.05,1.100,0.98,-0.01,-0.32,1.100,0.98,0.00,-0.04,1.100,0.96,0.15,1.20,1.100,1.02,0.06,-0.80,1.100,0.92,-0.02,1.79,1.100,0.94,0.00,0.06
1.120,0.97,0.23,6.87,1.120,0.97,-0.01,1.11,1.120,0.98,-0.01,0.67,1.120,0.97,0.24,4.66,1.120,0.98,-0.01,-0.17,1.120,0.98,0.00,-0.08,1.120,0.97,0.16,-0.59,1.120,1.02,0.02,-1.20,1.120,0.92,0.03,2.43,1.120,0.94,0.00,0.16
1.140,0.98,0.43,3.45,1.140,0.97,0.00,0.28,1.140,0.98,0.00,0.33,1.140,0.98,0.36,-1.31,1.140,0.98,-0.01,0.00,1.140,0.98,-0.01,-0.04,1.140,0.97,0.12,-2.18,1.140,1.02,-0.01,-1.16,1.140,0.92,0.09,1.58,1.140,0.94,0.01,0.12
1.160,1.00,0.43,-2.92,1.160,0.97,0.00,-0.18,1.160,0.98,0.00,0.03,1.160,0.99,0.21,-7.49,1.160,0.98,-0.01,0.09,1.160,0.98,-0.01,0.02,1.160,0.97,0.06,-2.95,1.160,1.02,0.00,-1.80,1.160,0.92,0.13,-0.61,1.160,0.94,0.01,0.02
1.180,1.00,0.24,-6.32,1.180,0.97,-0.02,-0.15,1.180,0.98,0.00,-0.10,1.180,1.00,-0.08,-6.83,1.180,0.98,-0.01,0.66,1.180,0.98,0.00,0.06,1.180,0.97,-0.01,-2.57,1.180,1.02,-0.06,-2.61,1.180,0.93,0.07,-2.27,1.180,0.94,0.01,0.03
1.200,1.00,0.06,-5.12,1.200,0.97,-0.01,0.19,1.200,0.98,-0.01,-0.08,1.200,0.98,-0.22,0.39,1.200,0.98,-0.01,1.39,1.200,0.98,0.00,0.08,1.200,0.97,-0.06,-1.37,1.200,1.02,-0.15,-1.89,1.200,0.93,-0.02,-1.95,1.200,0.94,0.01,0.08
1.220,1.00,0.04,-2.39,1.220,0.97,-0.01,0.74,1.220,0.98,-0.01,0.13,1.220,0.98,-0.03,5.88,1.220,0.98,0.06,2.61,1.220,0.98,0.00,0.06,1.220,0.97,-0.07,0.07,1.220,1.01,-0.18,0.65,1.220,0.93,-0.03,-0.35,1.220,0.94,0.01,0.05
1.240,1.00,0.02,-1.44,1.240,0.97,0.01,1.14,1.240,0.98,0.00,0.41,1.240,0.98,0.20,4.07,1.240,0.98,0.09,3.97,1.240,0.98,2.03E-4,-0.01,1.240,0.97,-0.05,1.00,1.240,1.01,-0.11,2.80,1.240,0.92,0.00,0.63,1.240,0.95,0.01,-0.04
1.260,1.00,-0.01,-2.68,1.260,0.97,0.05,0.95,1.260,0.98,0.01,0.56,1.260,0.99,0.20,-2.51,1.260,0.99,0.21,3.21,1.260,0.98,-8.23E-4,-0.12,1.260,0.97,-0.01,0.96,1.260,1.01,-0.02,3.11,1.260,0.93,0.01,0.29,1.260,0.95,0.01,-0.09
1.280,1.00,-0.07,-4.39,1.280,0.97,0.07,0.05,1.280,0.98,0.02,0.52,1.280,0.99,0.04,-6.45,1.280,0.98,0.32,-1.34,1.280,0.98,0.00,-0.22,1.280,0.97,0.00,0.17,1.280,1.01,0.03,2.43,1.280,0.93,0.01,-0.59,1.280,0.95,0.01,-0.06
1.300,1.00,-0.19,-4.95,1.300,0.97,0.05,-0.90,1.300,0.98,0.03,0.39,1.300,0.99,-0.16,-4.02,1.300,1.01,0.22,-8.87,1.300,0.98,-0.01,-0.20,1.300,0.97,-0.01,-0.61,1.300,1.01,0.05,0.70,1.300,0.93,-0.01,-1.36,1.300,0.95,0.01,-0.05
1.320,1.00,-0.32,-2.96,1.320,0.97,0.01,-1.27,1.320,0.98,0.04,0.17,1.320,0.99,-0.20,2.12,1.320,1.01,-0.08,-13.43,1.320,0.98,-0.02,-0.04,1.320,0.97,-0.03,-0.74,1.320,1.01,0.10,-1.18,1.320,0.93,-0.05,-1.48,1.320,0.95,0.00,-0.07
1.340,0.99,-0.35,0.93,1.340,0.97,-0.01,-1.18,1.340,0.98,0.04,-0.12,1.340,0.98,-0.04,5.92,1.340,1.00,-0.46,-12.57,1.340,0.98,-0.01,0.19,1.340,0.97,-0.05,-0.40,1.340,1.01,-0.01,-3.15,1.340,0.92,-0.09,-0.56,1.340,0.95,0.00,-0.49
1.360,0.98,-0.26,4.11,1.360,0.97,-0.03,-0.88,1.360,0.98,0.03,-0.38,1.360,0.98,0.17,3.22,1.360,0.98,-0.62,-9.17,1.360,0.97,-0.01,0.32,1.360,0.97,-0.05,0.08,1.360,1.01,-0.05,-5.75,1.360,0.92,-0.09,1.04,1.360,0.95,7.69E-4,-1.39
1.380,0.98,-0.13,4.72,1.380,0.97,-0.05,-0.33,1.380,0.98,0.02,-0.40,1.380,0.99,0.18,-2.90,1.380,0.97,-0.75,-6.85,1.380,0.97,0.00,0.26,1.380,0.97,-0.05,0.49,1.380,1.00,-0.17,-7.46,1.380,0.92,-0.04,2.11,1.380,0.95,-0.05,-0.03
1.400,0.98,-0.04,3.29,1.400,0.97,-0.05,0.59,1.400,0.98,0.01,-0.20,1.400,0.99,-0.03,-5.88,1.400,0.96,-0.89,-6.30,1.400,0.97,0.01,0.11,1.400,0.97,-0.03,0.71,1.400,1.01,-0.43,-7.38,1.400,0.92,0.02,1.83,1.400,0.95,-0.11,4.65
1.420,0.98,-0.01,1.70,1.420,0.97,-0.02,1.40,1.420,0.98,0.01,0.04,1.420,0.99,-0.19,-3.41,1.420,0.94,-1.02,-5.55,1.420,0.98,0.00,0.28,1.420,0.96,-0.01,0.71,1.420,0.99,-0.53,-3.72,1.420,0.92,0.05,0.64,1.420,0.94,0.11,8.25
1.440,0.98,0.00,1.11,1.440,0.97,0.02,1.63,1.440,0.98,0.02,0.19,1.440,0.98,-0.17,1.00,1.440,0.91,-1.11,-4.72,1.440,0.98,0.00,-1.45,1.440,0.96,0.00,0.40,1.440,0.97,-0.58,-0.59,1.440,0.92,0.04,-0.47,1.440,0.94,0.40,4.09
1.460,0.98,0.02,1.50,1.460,0.97,0.05,1.16,1.460,0.98,0.02,-0.30,1.460,0.98,-0.09,3.79,1.460,0.89,-1.19,-4.32,1.460,0.98,0.04,-4.72,1.460,0.96,0.01,-0.02,1.460,0.98,-0.47,-1.07,1.460,0.92,0.02,-0.92,1.460,0.97,0.43,-5.69
1.480,0.98,0.06,2.14,1.480,0.97,0.07,0.27,1.480,0.98,0.03,-1.46,1.480,0.98,-0.01,4.58,1.480,0.87,-1.28,-4.35,1.480,0.98,-0.20,-5.49,1.480,0.96,-2.27E-4,-0.30,1.480,0.96,-0.56,-3.30,1.480,0.92,0.00,-0.86,1.480,0.97,0.06,-10.87
1.500,0.98,0.12,2.07,1.500,0.97,0.06,-0.58,1.500,0.98,-0.03,-2.22,1.500,0.98,0.10,3.82,1.500,0.84,-1.37,-4.44,1.500,0.98,-0.36,-1.03,1.500,0.96,-0.01,-0.19,1.500,0.95,-0.68,-5.52,1.500,0.92,-0.02,-0.51,1.500,0.96,-0.23,-8.08
1.520,0.98,0.17,0.95,1.520,0.97,0.04,-1.01,1.520,0.98,-0.11,-1.11,1.520,0.98,0.19,1.36,1.520,0.81,-1.46,-4.41,1.520,0.95,-0.26,5.03,1.520,0.96,-0.02,0.32,1.520,0.93,-0.76,-5.96,1.520,0.92,-0.03,-0.06,1.520,0.95,-0.24,-3.10
1.540,0.99,0.16,-0.79,1.540,0.97,0.01,-0.92,1.540,0.98,-0.11,1.80,1.540,0.99,0.18,-1.81,1.540,0.78,-1.54,-4.27,1.540,0.96,-0.03,4.51,1.540,0.96,2.80E-4,0.96,1.540,0.92,-0.92,-5.50,1.540,0.92,-0.02,0.34,1.540,0.96,-0.24,-2.16
1.560,0.99,0.13,-2.41,1.560,0.97,-4.19E-4,-0.57,1.560,0.98,-0.03,3.88,1.560,0.99,0.08,-3.19,1.560,0.75,-1.63,-4.07,1.560,0.96,0.07,-1.32,1.560,0.96,0.03,1.34,1.560,0.90,-1.03,-4.02,1.560,0.92,-0.01,0.45,1.560,0.94,-0.31,-3.38
1.580,0.99,0.06,-3.55,1.580,0.97,-0.01,-0.35,1.580,0.98,0.10,3.29,1.580,0.99,-0.01,-2.49,1.580,0.72,-1.71,-3.88,1.580,0.96,-0.15,-6.78,1.580,0.97,0.06,1.12,1.580,0.87,-1.08,-2.32,1.580,0.92,0.00,0.18,1.580,0.94,-0.43,-3.59
1.600,0.99,-0.02,-3.96,1.600,0.97,-0.01,-0.46,1.600,0.98,0.14,0.66,1.600,0.99,-0.01,-1.34,1.600,0.68,-1.78,-3.74,1.600,0.96,-0.30,-8.62,1.600,0.97,0.08,0.31,1.600,0.85,-1.09,-1.93,1.600,0.92,0.00,-0.12,1.600,0.93,-0.46,-2.73
1.620,0.99,-0.11,-3.00,1.620,0.97,-0.02,-0.78,1.620,0.99,0.11,-1.61,1.620,0.99,-0.03,-0.92,1.620,0.65,-1.86,-3.66,1.620,0.95,-0.47,-8.14,1.620,0.97,0.08,-0.83,1.620,0.83,-1.13,-2.53,1.620,0.92,-0.01,-0.08,1.620,0.92,-0.52,-1.95
1.640,0.99,-0.17,-0.82,1.640,0.97,-0.04,-0.85,1.640,0.99,0.04,-1.96,1.640,0.99,-0.06,-0.93,1.640,0.61,-1.93,-3.58,1.640,0.94,-0.64,-7.46,1.640,0.97,0.05,-1.77,1.640,0.81,-1.20,-3.24,1.640,0.92,-0.01,0.25,1.640,0.91,-0.54,-1.79
1.660,0.98,-0.15,1.47,1.660,0.97,-0.07,-0.30,1.660,0.99,0.01,-1.15,1.660,0.99,-0.07,-0.68,1.660,0.57,-2.00,-3.43,1.660,0.92,-0.78,-6.25,1.660,0.97,0.00,-2.15,1.660,0.78,-1.27,-3.28,1.660,0.92,0.01,0.58,1.660,0.90,-0.58,-1.63
1.680,0.98,-0.09,4.07,1.680,0.97,-0.06,0.52,1.680,0.99,0.01,-0.63,1.680,0.99,-0.08,-0.47,1.680,0.53,-2.07,-3.17,1.680,0.91,-0.88,-5.06,1.680,0.97,-0.05,-1.96,1.680,0.76,-1.34,-2.73,1.680,0.92,0.02,0.66,1.680,0.89,-0.61,-1.43
1.700,0.98,-0.02,6.84,1.700,0.97,-0.04,0.92,1.700,0.99,0.01,-1.14,1.700,0.99,-0.09,-0.10,1.700,0.49,-2.13,-2.87,1.700,0.89,-0.98,-4.19,1.700,0.97,-0.08,-1.26,1.700,0.73,-1.38,-2.14,1.700,0.92,0.03,0.61,1.700,0.87,-0.64,-0.85
1.720,0.98,0.19,7.87,1.720,0.97,-0.01,0.70,1.720,0.99,-0.03,-1.85,1.720,0.98,-0.10,0.70,1.720,0.44,-2.18,-2.68,1.720,0.87,-1.05,-3.77,1.720,0.97,-0.11,-0.27,1.720,0.70,-1.42,-1.82,1.720,0.92,0.04,0.39,1.720,0.86,-0.65,-0.27
1.740,0.98,0.39,2.73,1.740,0.97,-0.01,0.27,1.740,0.99,-0.09,-1.51,1.740,0.98,-0.07,1.65,1.740,0.40,-2.23,-2.64,1.740,0.84,-1.11,-3.98,1.740,0.96,-0.10,1.19,1.740,0.67,-1.46,-1.75,1.740,0.92,0.05,-0.83,1.740,0.85,-0.64,-0.11
1.760,1.00,0.44,-5.66,1.760,0.97,-0.01,0.04,1.760,0.98,-0.12,0.19,1.760,0.98,-0.02,2.00,1.760,0.35,-2.29,-2.67,1.760,0.82,-1.20,-4.72,1.760,0.96,-0.07,3.09,1.760,0.64,-1.49,-1.67,1.760,0.92,0.04,-2.61,1.760,0.83,-0.65,-0.33
1.780,1.00,0.06,-8.96,1.780,0.97,-0.01,0.06,1.780,0.98,-0.09,2.22,1.780,0.98,0.03,1.55,1.780,0.31,-2.34,-1.80,1.780,0.80,-1.31,-5.17,1.780,0.96,0.02,5.24,1.780,0.61,-1.52,-1.62,1.780,0.93,-0.07,-3.50,1.780,0.82,-0.66,-0.62
1.800,1.01,-0.15,-5.38,1.800,0.97,-0.01,0.15,1.800,0.98,-0.01,3.16,1.800,0.98,0.04,0.88,1.800,0.26,-2.39,3.70,1.800,0.77,-1.42,-4.96,1.800,0.96,0.15,4.56,1.800,0.58,-1.55,-1.63,1.800,0.93,-0.15,-2.74,1.800,0.81,-0.67,-0.80
1.820,0.98,-0.09,-1.49,1.820,0.97,0.00,0.18,1.820,0.98,0.07,2.44,1.820,0.98,0.06,0.41,1.820,0.21,-2.34,7.01,1.820,0.74,-1.51,-4.50,1.820,0.97,0.32,-0.18,1.820,0.55,-1.59,-1.64,1.820,0.92,-0.17,-1.70,1.820,0.79,-0.69,-0.92
1.840,1.01,-0.06,-3.91,1.840,0.97,0.00,0.11,1.840,0.98,0.11,0.62,1.840,0.98,0.06,-0.07,1.840,0.16,-1.84,2.59,1.840,0.71,-1.59,-4.18,1.840,0.97,0.18,-5.03,1.840,0.52,-1.62,-1.54,1.840,0.92,-0.18,-2.53,1.840,0.78,-0.71,-0.96
1.860,1.00,-0.21,-7.35,1.860,0.97,0.00,0.02,1.860,0.99,0.09,-1.02,1.860,0.99,0.06,-0.81,1.860,0.12,-2.05,-2.21,1.860,0.68,-1.68,-3.90,1.860,0.99,-0.04,-5.60,1.860,0.49,-1.65,-1.30,1.860,0.91,-0.24,-4.36,1.860,0.77,-0.73,-0.88
1.880,0.99,-0.50,-7.80,1.880,0.97,0.00,-0.02,1.880,0.99,0.04,-1.56,1.880,0.99,0.03,-1.69,1.880,0.13,-2.37,6.42,1.880,0.64,-1.75,-3.48,1.880,0.96,-0.10,-2.80,1.880,0.45,-1.67,-1.06,1.880,0.91,-0.38,-5.43,1.880,0.75,-0.75,-0.71
1.900,0.97,-0.53,-6.85,1.900,0.97,0.00,0.02,1.900,0.99,0.01,-1.38,1.900,0.99,-0.01,-2.41,1.900,0.00,-2.08,432.65,1.900,0.61,-1.82,-3.09,1.900,0.97,-0.07,-3.36,1.900,0.42,-1.69,-0.99,1.900,0.90,-0.49,-5.10,1.900,0.74,-0.76,-0.58
1.920,0.97,-0.67,-7.33,1.920,0.97,0.00,0.05,1.920,0.99,6.33E-4,-1.41,1.920,0.99,-0.07,-2.37,1.920,0.00,-1.05,846.07,1.920,0.57,-1.87,-2.91,1.920,0.98,-0.12,-7.03,1.920,0.39,-1.71,-1.06,1.920,0.89,-0.58,-3.94,1.920,0.72,-0.77,-0.58
1.940,0.95,-0.86,-8.50,1.940,0.97,0.00,0.03,1.940,0.99,-0.03,-1.76,1.940,0.99,-0.13,-1.31,1.940,0.00,48.54,430.52,1.940,0.53,-1.93,-2.80,1.940,0.97,-0.42,-9.04,1.940,0.35,-1.73,-1.07,1.940,0.87,-0.65,-3.01,1.940,0.71,-0.78,-0.67
1.960,0.93,-1.05,-7.90,1.960,0.97,0.00,-0.02,1.960,0.99,-0.09,-1.51,1.960,0.98,-0.14,0.37,1.960,0.00,48.54,-800.29,1.960,0.49,-1.99,-2.72,1.960,0.96,-0.59,-7.42,1.960,0.32,-1.76,-0.92,1.960,0.86,-0.69,-2.34,1.960,0.69,-0.80,-0.73
1.980,0.91,-1.18,-6.79,1.980,0.97,0.00,-0.06,1.980,0.98,-0.12,-0.15,1.980,0.98,-0.10,1.71,1.980,5.82,0.00,-1618.02,1.980,0.45,-2.04,-2.81,1.980,0.94,-0.68,-4.73,1.980,0.28,-1.77,-0.77,1.980,0.85,-0.74,-1.98,1.980,0.67,-0.81,-0.68
2.000,0.88,-1.30,-6.06,2.000,0.97,0.00,-0.06,2.000,0.98,-0.09,1.29,2.000,0.98,-0.05,2.07,2.000,0.00,-48.54,-626.76,2.000,0.41,-2.09,-3.02,2.000,0.93,-0.75,-3.86,2.000,0.25,-1.78,0.93,2.000,0.83,-0.78,-1.84,2.000,0.66,-0.82,-0.60
2.020,0.86,-1.42,-5.83,2.020,0.97,0.00,-0.04,2.020,0.98,-0.04,1.67,2.020,0.98,-0.01,1.62,2.020,0.00,-48.54,950.64,2.020,0.37,-2.16,-3.07,2.020,0.91,-0.83,-3.95,2.020,0.21,-1.80,6.95,2.020,0.82,-0.81,-1.73,2.020,0.64,-0.83,-0.51
2.040,0.83,-1.53,-5.70,2.040,0.97,0.00,-0.01,2.040,0.98,-0.01,1.19,2.040,0.98,0.02,0.79,2.040,0.00,21.87,1557.85,2.040,0.32,-2.23,-2.82,2.040,0.90,-0.91,-4.14,2.040,0.17,-1.62,15.14,2.040,0.80,-0.85,-1.53,2.040,0.62,-0.84,-0.41
2.060,0.80,-1.65,-5.66,2.060,0.97,-2.02E-4,0.05,2.060,0.98,0.00,0.61,2.060,0.98,0.02,0.25,2.060,0.00,43.67,758.30,2.060,0.28,-2.27,-0.23,2.060,0.88,-1.00,-4.04,2.060,0.14,-1.10,193.49,2.060,0.78,-0.88,-1.11,2.060,0.61,-0.85,-0.27
2.080,0.76,-1.76,-5.55,2.080,0.97,8.28E-4,0.13,2.080,0.98,0.01,0.23,2.080,0.98,0.01,0.34,2.080,2.62,46.19,-482.94,2.080,0.23,-2.32,8.18,2.080,0.86,-1.08,-3.70,2.080,0.12,-0.66,538.59,2.080,0.76,-0.89,-0.63,2.080,0.59,-0.85,-0.11
2.100,0.72,-1.87,-5.29,2.100,0.97,0.00,0.23,2.100,0.98,0.01,0.10,2.100,0.98,0.03,0.91,2.100,2.62,18.13,-1002.42,2.100,0.19,-2.09,12.68,2.100,0.83,-1.14,-3.58,2.100,0.13,20.46,706.85,2.100,0.75,-0.90,-0.19,2.100,0.57,-0.85,-0.05
2.120,0.69,-1.97,-4.94,2.120,0.97,0.01,0.30,2.120,0.98,0.00,0.40,2.120,0.98,0.05,1.56,2.120,2.93,-10.55,-888.49,2.120,0.14,-1.42,4.93,2.120,0.81,-1.21,-3.99,2.120,0.10,41.45,417.23,2.120,0.73,-0.90,-0.45,2.120,0.56,-0.85,-0.07
2.140,0.65,-2.07,-4.59,2.140,0.97,0.02,0.30,2.140,0.98,0.02,0.77,2.140,0.98,0.09,1.88,2.140,1.87,-19.88,-380.17,2.140,0.12,-1.65,-6.10,2.140,0.79,-1.30,-4.20,2.140,2.61,41.61,-340.17,2.140,0.71,-0.89,-2.33,2.140,0.54,-0.86,-0.11
2.160,0.60,-2.16,-4.35,2.160,0.97,0.02,0.22,2.160,0.98,0.05,0.11,2.160,0.98,0.13,1.54,2.160,2.10,-22.41,48.94,2.160,0.13,-2.17,-0.43,2.160,0.76,-1.40,-3.65,2.160,2.61,28.26,-1001.51,2.160,0.69,-0.95,-5.43,2.160,0.52,-0.86,-0.10
2.180,0.56,-2.24,-4.18,2.180,0.97,0.03,0.27,2.180,0.98,0.05,-1.69,2.180,0.99,0.17,0.32,2.180,1.06,-15.63,275.77,2.180,0.00,-2.08,207.18,2.180,0.73,-1.45,-2.72,2.180,2.61,-7.17,-1054.49,2.180,0.67,-1.13,-7.14,2.180,0.50,-0.86,-0.07
2.200,0.51,-2.32,-4.12,2.200,0.97,0.03,0.56,2.200,0.98,-0.02,-2.92,2.200,0.99,0.16,-1.28,2.200,1.06,-8.93,312.41,2.200,0.00,-1.05,586.26,2.200,0.70,-1.49,-2.18,2.200,3.50,-29.96,-485.40,2.200,0.65,-1.31,-5.24,2.200,0.49,-0.86,-0.13
2.220,0.47,-2.40,-4.11,2.220,0.97,0.05,0.74,2.220,0.98,-0.11,-2.21,2.220,0.99,0.11,-2.25,2.220,1.04,-0.27,200.07,2.220,0.00,22.09,758.33,2.220,0.67,-1.53,-2.20,2.220,0.87,-26.71,243.93,2.220,0.62,-1.38,-1.10,2.220,0.47,-0.86,-0.24
2.240,0.42,-2.49,-4.07,2.240,0.97,0.07,0.43,2.240,0.98,-0.13,0.10,2.240,0.99,0.05,-1.90,2.240,1.04,-0.28,72.14,2.240,0.00,44.02,186.26,2.240,0.64,-1.58,-2.17,2.240,0.76,-10.44,426.54,2.240,0.59,-1.32,1.96,2.240,0.45,-0.87,-0.30
2.260,0.37,-2.57,-3.96,2.260,0.97,0.07,-0.23,2.260,0.97,-0.10,2.42,2.260,0.99,0.01,-2.04,2.260,1.04,-0.27,0.79,2.260,2.65,43.86,,2.260,0.61,-1.63,-1.99,2.260,2.14,2.59,160.45,2.260,0.57,-1.25,2.43,2.260,0.43,-0.88,-0.31
2.280,0.31,-2.65,-1.51,2.280,0.98,0.05,-0.59,2.280,0.97,-0.02,3.47,2.280,0.99,0.02,-3.88,2.280,1.03,-0.27,2.54,2.280,2.63,-0.47,,2.280,0.57,-1.66,-2.02,2.280,0.97,-8.07,-16.02,2.280,0.54,-1.21,1.30,2.280,0.42,-0.88,-0.37
2.300,0.26,-2.72,7.46,2.300,0.98,0.04,-0.47,2.300,0.97,0.07,2.70,2.300,0.99,-0.12,-4.54,2.300,1.02,-0.18,3.56,2.300,2.63,,,2.300,0.54,-1.70,-2.39,2.300,0.97,-9.83,49.02,2.300,0.52,-1.20,0.12,2.300,0.40,-0.89,-0.50
2.320,0.21,-2.52,13.82,2.320,0.98,0.04,-0.22,2.320,0.98,0.12,0.42,2.320,1.00,-0.29,-2.05,2.320,1.02,-0.06,2.36,,,,,2.320,0.51,-1.76,-2.67,2.320,0.96,0.05,156.56,2.320,0.49,-1.22,-0.51,2.320,0.38,-0.90,-0.57
2.340,0.15,-1.80,8.79,2.340,0.98,0.03,-0.18,2.340,0.98,0.09,-2.00,2.340,0.98,-0.22,1.25,2.340,1.02,-0.05,-0.09,,,,,2.340,0.47,-1.82,-2.38,2.340,0.97,0.35,89.11,2.340,0.47,-1.23,-0.65,2.340,0.36,-0.92,-0.50
2.360,0.12,-1.91,-0.39,2.360,0.98,0.03,0.01,2.360,0.98,0.01,-3.13,2.360,0.98,-0.12,0.26,2.360,1.02,-0.12,-0.79,,,,,2.360,0.43,-1.86,-1.93,2.360,0.98,0.54,1.03,2.360,0.44,-1.24,-0.61,2.360,0.34,-0.93,-0.37
2.380,0.13,-2.28,4.67,2.380,0.98,0.02,0.35,2.380,0.98,-0.07,-2.48,2.380,0.99,-0.13,-4.51,2.380,1.02,-0.14,0.40,,,,,2.380,0.40,-1.88,-1.74,2.380,1.00,0.38,-4.85,2.380,0.42,-1.25,-0.70,2.380,0.33,-0.93,-0.27
2.400,0.00,-2.09,97.54,2.400,0.98,0.05,-0.18,2.400,0.98,-0.10,-1.11,2.400,0.97,-0.34,-7.93,2.400,1.01,-0.07,3.87,,,,,2.400,0.36,-1.92,-1.73,2.400,1.00,0.14,-3.78,2.400,0.39,-1.27,-0.94,2.400,0.31,-0.94,-0.26
2.420,0.00,-1.06,250.82,2.420,0.98,0.05,-1.95,2.420,0.98,-0.10,0.07,2.420,0.97,-0.54,-8.82,2.420,1.02,-0.05,7.99,,,,,2.420,0.32,-1.96,-1.63,2.420,0.99,0.16,1.23,2.420,0.37,-1.29,-1.02,2.420,0.29,-0.94,-0.32
2.440,0.00,8.58,310.09,2.440,0.98,-0.03,-3.48,2.440,0.97,-0.09,0.49,2.440,0.96,-0.67,-8.15,2.440,1.01,0.26,8.01,,,,,2.440,0.28,-1.99,-0.88,2.440,1.00,0.31,,2.440,0.34,-1.32,-0.81,2.440,0.27,-0.95,-0.36
2.460,0.00,17.15,175.07,2.460,0.98,-0.14,-2.00,2.460,0.97,-0.07,0.37,2.460,0.94,-0.87,-7.23,2.460,1.01,0.49,0.32,,,,,2.460,0.24,-2.01,3.19,2.460,1.01,0.37,,2.460,0.32,-1.33,-0.46,2.460,0.25,-0.96,-0.30
2.480,1.03,16.91,-62.78,2.480,0.97,-0.18,1.31,2.480,0.97,-0.07,0.23,2.480,0.92,-0.99,-6.21,2.480,1.05,0.35,-9.21,,,,,2.480,0.20,-1.98,10.30,2.480,1.01,,,2.480,0.29,-1.33,-0.23,2.480,0.23,-0.96,0.03
2.500,1.03,11.62,-171.96,2.500,0.97,-0.04,1.41,2.500,0.97,-0.07,0.43,2.500,0.90,-1.08,-5.30,2.500,1.04,-0.10,-10.87,,,,,2.500,0.16,-1.59,192.31,,,,,2.500,0.26,-1.33,-0.23,2.500,0.21,-0.96,0.54
2.520,1.00,6.58,-150.78,2.520,0.97,0.03,-4.43,2.520,0.97,-0.06,1.00,2.520,0.88,-1.20,-5.10,2.520,1.03,-0.26,-4.24,,,,,2.520,0.12,-1.17,545.52,,,,,2.520,0.24,-1.34,-0.29,2.520,0.19,-0.94,1.41
2.540,1.42,6.85,-116.35,2.540,0.98,-0.17,-12.46,2.540,0.97,-0.03,1.25,2.540,0.85,-1.30,-4.88,2.540,1.02,-0.21,0.40,,,,,2.540,0.12,20.26,719.70,,,,,2.540,0.21,-1.35,1.21,2.540,0.17,-0.91,3.48
2.560,1.42,3.59,-124.64,2.560,0.97,-0.57,-15.89,2.560,0.97,0.00,1.17,2.560,0.82,-1.39,-4.57,2.560,1.04,-0.05,-2.27,,,,,2.560,0.09,41.63,368.39,,,,,2.560,0.18,-1.35,6.27,2.560,0.16,-0.84,7.23
2.580,1.43,0.65,-155.68,2.580,0.95,-0.93,-13.48,2.580,0.97,0.01,1.14,2.580,0.80,-1.48,-4.51,2.580,1.00,-0.26,-5.09,,,,,2.580,2.62,41.97,-336.45,,,,,2.580,0.15,-1.17,13.66,2.580,0.14,-0.64,10.52
2.600,1.43,-2.18,-145.66,2.600,0.93,-1.12,-9.18,2.600,0.97,0.04,1.44,2.600,0.77,-1.57,-4.52,2.600,1.04,-0.48,-2.66,,,,,2.600,2.62,21.33,-695.44,,,,,2.600,0.13,-0.76,17.20,2.600,0.13,-0.34,70.75
2.620,1.50,-6.07,-83.93,2.620,0.91,-1.24,-6.57,2.620,0.97,0.07,1.89,2.620,0.73,-1.66,-4.46,2.620,0.99,-0.39,4.96,,,,,2.620,2.63,0.20,-529.31,,,,,2.620,0.12,-0.30,85.87,2.620,0.13,-0.15,187.94
2.640,1.09,-7.18,27.02,2.640,0.88,-1.36,-5.93,2.640,0.97,0.12,0.70,2.640,0.70,-1.75,-4.33,2.640,0.99,-0.24,7.96,,,,,2.640,2.64,-0.05,-181.89,,,,,2.640,0.12,-0.16,396.53,2.640,0.13,7.16,244.60
2.660,1.03,-4.42,104.88,2.660,0.85,-1.48,-5.79,2.660,0.97,0.16,-2.10,2.660,0.66,-1.83,-4.22,2.660,1.00,0.09,4.74,,,,,2.660,2.62,-0.17,-2.67,,,,,2.660,0.12,8.53,600.78,2.660,0.12,14.41,121.98
2.680,1.03,-0.58,95.57,2.680,0.82,-1.59,-5.66,2.680,0.98,0.03,-3.34,2.680,0.63,-1.92,-4.18,2.680,1.00,-0.01,1.66,,,,,2.680,2.62,-0.13,96.02,,,,,2.680,0.11,37.99,231.19,2.680,0.99,14.45,-120.86
2.700,1.03,-0.08,41.02,2.700,0.79,-1.70,-5.50,2.700,0.98,-0.10,-0.88,2.700,0.59,-2.00,-4.12,2.700,1.00,-0.05,2.61,,,,,2.700,2.63,-0.04,29.65,,,,,2.700,1.16,33.64,-569.28,2.700,0.99,7.20,-242.71
2.720,1.03,-0.05,5.16,2.720,0.75,-1.81,-5.30,2.720,0.97,-0.03,2.34,2.720,0.55,-2.08,-3.92,2.720,1.00,0.10,4.77,,,,,2.720,2.62,11.35,-390.25,,,,,2.720,3.64,2.47,-963.99,2.720,0.99,-0.13,-182.21
2.740,1.03,-0.03,1.04,2.740,0.72,-1.92,-5.09,2.740,0.97,0.12,0.72,2.740,0.50,-2.16,-3.51,2.740,1.00,0.29,1.37,,,,,2.740,2.62,-8.09,-1191.22,,,,,2.740,0.62,-24.27,-443.98,2.740,0.99,-0.13,-59.80
2.760,1.03,-0.01,0.74,2.760,0.68,-2.02,-4.92,2.760,0.98,0.10,-4.89,2.760,0.46,-2.22,-3.07,2.760,1.01,0.22,-3.33,,,,,2.760,3.99,-38.91,,,,,,2.760,0.94,-19.78,202.44,2.760,0.98,-0.09,1.89
2.780,1.03,0.00,0.45,2.780,0.64,-2.11,-4.79,2.780,0.98,-0.14,-9.68,2.780,0.41,-2.28,-2.86,2.780,1.02,0.00,-3.37,,,,,2.780,0.29,-92.73,,,,,,2.780,0.95,2.62,365.20,2.780,0.98,-0.02,1.60
2.800,1.03,0.01,-0.04,2.800,0.59,-2.21,-4.58,2.800,0.97,-0.36,-11.61,2.800,0.37,-2.33,-2.88,2.800,1.00,0.00,-0.28,,,,,2.800,0.28,,,,,,,2.800,0.94,-0.12,142.03,2.800,0.98,-0.01,0.64
2.820,1.03,0.01,-0.92,2.820,0.55,-2.30,-4.30,2.820,0.97,-0.58,-11.56,2.820,0.32,-2.39,-2.64,2.820,1.00,0.11,-0.42,,,,,,,,,,,,,2.820,0.94,-0.11,-20.91,2.820,0.98,-0.02,-0.06
2.840,1.03,-0.02,-1.86,2.840,0.50,-2.38,-4.04,2.840,0.95,-0.85,-10.03,2.840,0.27,-2.45,1.65,2.840,1.02,0.07,-3.94,,,,,,,,,,,,,2.840,0.94,-0.01,1.97,2.840,0.98,-0.02,-0.22
2.860,1.03,-0.08,-1.86,2.860,0.45,-2.46,-3.87,2.860,0.93,-1.04,-7.22,2.860,0.22,-2.47,10.97,2.860,1.01,-0.13,-4.83,,,,,,,,,,,,,2.860,0.94,0.01,1.31,2.860,0.98,-0.03,0.04
2.880,1.02,-0.13,-0.26,2.880,0.40,-2.53,-3.83,2.880,0.91,-1.11,-3.43,2.880,0.17,-2.06,252.63,2.880,1.01,-0.24,0.08,,,,,,,,,,,,,2.880,0.94,0.01,,2.880,0.98,-0.03,0.64
2.900,1.02,-0.11,1.86,2.900,0.35,-2.61,-3.78,2.900,0.89,-1.19,-1.13,2.900,0.12,-1.48,554.61,2.900,1.00,-0.16,5.88,,,,,,,,,,,,,2.900,0.94,0.03,,2.900,0.98,8.38E-6,1.23
2.920,1.02,-0.03,2.72,2.920,0.30,-2.69,0.05,2.920,0.86,-1.11,-1.21,2.920,0.12,26.86,450.05,2.920,1.00,0.11,5.56,,,,,,,,,,,,,2.920,0.94,,,2.920,0.98,0.03,0.85
2.940,1.02,0.04,1.92,2.940,0.24,-2.76,3.14,2.940,0.83,-1.17,-4.50,2.940,0.09,35.16,-187.31,2.940,1.00,0.23,-0.61,,,,,,,,,,,,,,,,,2.940,0.98,0.06,-0.95
2.960,1.02,0.05,0.67,2.960,0.19,-2.38,2.19,2.960,0.83,-1.27,-9.71,2.960,3.43,15.31,-788.77,2.960,1.03,0.05,-5.33,,,,,,,,,,,,,,,,,2.960,0.98,0.01,-2.50
2.980,1.02,0.05,-0.12,2.980,0.13,-2.54,3.10,2.980,0.78,-1.57,-11.96,2.980,1.04,-12.40,-590.04,2.980,1.00,-0.17,-1.73,,,,,,,,,,,,,,,,,2.980,0.99,-0.10,-3.38
3.000,1.02,0.05,-0.97,3.000,0.13,-2.64,14.60,3.000,0.76,-1.88,-10.39,3.000,1.01,-20.23,-24.62,3.000,1.00,-0.13,5.23,,,,,,,,,,,,,,,,,3.000,0.98,-0.11,-2.54
3.020,1.02,0.03,-2.28,3.020,0.00,-2.13,130.94,3.020,0.71,-2.00,-5.50,3.020,1.02,-0.11,272.53,3.020,1.01,0.20,11.90,,,,,,,,,,,,,,,,,3.020,0.97,-0.22,-0.41
3.040,1.03,-0.05,-2.80,3.040,0.00,-1.04,327.44,3.040,0.67,-2.09,-1.95,3.040,1.02,0.06,169.50,3.040,1.01,0.31,19.21,,,,,,,,,,,,,,,,,3.040,0.98,-0.17,1.56
3.060,1.02,-0.13,-1.23,3.060,0.00,11.57,407.21,3.060,0.63,-2.02,-1.46,3.060,1.02,0.01,0.08,3.060,1.02,0.82,22.01,,,,,,,,,,,,,,,,,3.060,0.96,-0.09,3.21
3.080,1.02,-0.13,0.99,3.080,0.00,22.95,193.96,3.080,0.59,-2.09,-2.66,3.080,1.02,0.00,-1.09,3.080,1.02,1.55,8.83,,,,,,,,,,,,,,,,,3.080,0.97,-0.05,2.85
3.100,1.02,-0.04,1.35,3.100,1.39,22.74,-198.54,3.100,0.55,-2.17,-3.92,3.100,1.02,-0.03,-0.93,3.100,1.09,1.60,5.60,,,,,,,,,,,,,,,,,3.100,0.97,0.05,2.38
3.120,1.02,-0.02,-0.15,3.120,1.37,11.06,-385.15,3.120,0.50,-2.26,-3.51,3.120,1.02,-0.03,-1.10,3.120,1.12,0.59,61.26,,,,,,,,,,,,,,,,,3.120,0.96,0.03,1.78
3.140,1.02,-0.08,-2.04,3.140,1.36,-0.36,-278.57,3.140,0.46,-2.32,-2.71,3.140,1.01,-0.08,-1.37,3.140,1.11,2.45,,,,,,,,,,,,,,,,,,3.140,0.98,0.11,1.04
3.160,1.01,-0.11,-2.90,3.160,1.35,-0.16,-104.14,3.160,0.41,-2.36,-2.42,3.160,1.02,-0.09,-1.36,3.160,1.07,8.05,,,,,,,,,,,,,,,,,,3.160,0.97,0.10,1.87
3.180,1.01,-0.20,-2.79,3.180,1.36,0.54,-39.44,3.180,0.36,-2.40,-3.00,3.180,1.01,-0.13,-0.30,3.180,1.43,,,,,,,,,,,,,,,,,,,3.180,0.97,0.11,4.11
3.200,1.01,-0.25,-0.54,3.200,1.35,-2.33,-30.25,3.200,0.31,-2.47,-4.63,3.200,1.01,-0.13,0.65,,,,,,,,,,,,,,,,,,,,,3.200,0.98,0.26,5.81
3.220,1.00,-0.27,3.52,3.220,1.43,-2.92,35.15,3.220,0.26,-2.56,285.35,3.220,1.01,-0.07,1.29,,,,,,,,,,,,,,,,,,,,,3.220,0.98,0.45,3.58
3.240,1.00,-0.10,4.79,3.240,1.00,-0.33,94.38,3.240,0.21,-2.75,578.28,3.240,1.01,-0.08,1.28,,,,,,,,,,,,,,,,,,,,,3.240,0.99,0.46,-1.31
3.260,0.99,0.08,1.86,3.260,1.36,2.75,55.96,3.260,0.16,32.12,1260.14,3.260,1.01,-0.04,1.44,,,,,,,,,,,,,,,,,,,,,3.260,1.01,0.34,-4.26
3.280,1.00,-0.02,-1.94,3.280,1.38,3.32,-19.01,3.280,0.09,32.24,1438.57,3.280,1.01,-0.02,1.97,,,,,,,,,,,,,,,,,,,,,3.280,1.00,0.21,-3.37
3.300,1.00,-0.12,-1.75,3.300,1.38,0.15,-50.06,3.300,4.24,113.67,49.57,3.300,1.01,0.04,1.55,,,,,,,,,,,,,,,,,,,,,3.300,1.01,0.18,-1.03
3.320,0.99,-0.13,1.40,3.320,1.38,-0.01,-27.21,3.320,0.00,88.33,-2187.81,3.320,1.01,0.08,0.20,,,,,,,,,,,,,,,,,,,,,3.320,1.02,0.21,1.01
3.340,0.99,-0.02,3.55,3.340,1.38,0.07,1.13,3.340,13.89,-18.03,-3400.47,3.340,1.01,0.05,-1.29,,,,,,,,,,,,,,,,,,,,,3.340,1.02,0.22,1.45
3.360,0.99,0.05,-0.75,3.360,1.38,0.13,1.06,3.360,1.04,-98.60,-1484.73,3.360,1.01,0.00,-1.22,,,,,,,,,,,,,,,,,,,,,3.360,1.02,0.30,-1.91
3.380,0.99,0.13,-8.41,3.380,1.38,0.15,-1.08,3.380,1.04,-107.45,966.17,3.380,1.01,-0.03,0.12,,,,,,,,,,,,,,,,,,,,,3.380,1.03,0.26,-8.77
3.400,1.00,-0.37,-12.22,3.400,1.39,0.04,-2.09,3.400,1.02,-0.41,1713.92,3.400,1.01,0.02,1.02,,,,,,,,,,,,,,,,,,,,,3.400,1.04,-0.07,-15.40
3.420,1.01,-0.62,-7.67,3.420,1.39,0.02,-2.86,3.420,1.01,-0.28,897.69,3.420,1.01,0.05,0.48,,,,,,,,,,,,,,,,,,,,,3.420,1.04,-0.47,
3.440,0.93,-0.68,0.23,3.440,1.38,5.38E-4,0.38,3.440,1.01,-0.11,5.38,3.440,1.01,0.04,-0.35,,,,,,,,,,,,,,,,,,,,,3.440,1.01,-0.82,
3.460,0.98,-0.49,-0.41,3.460,1.39,-0.15,-13.04,3.460,1.01,-0.04,3.15,3.460,1.01,0.00,0.63,,,,,,,,,,,,,,,,,,,,,3.460,1.00,,
3.480,0.94,-0.47,-3.46,3.480,1.38,0.27,-50.11,3.480,1.01,-0.01,1.18,3.480,1.01,0.02,2.71,,,,,,,,,,,,,,,,,,,,,,,,
3.500,0.94,-0.87,-1.52,3.500,1.37,-1.81,-82.48,3.500,1.01,0.00,0.39,3.500,1.01,0.15,3.08,,,,,,,,,,,,,,,,,,,,,,,,
3.520,0.92,-0.71,10.47,3.520,1.44,-4.36,-64.66,3.520,1.01,-6.32E-4,0.16,3.520,1.02,0.22,0.24,,,,,,,,,,,,,,,,,,,,,,,,
3.540,0.90,-0.43,23.28,3.540,1.12,-5.42,9.50,3.540,1.01,0.00,0.14,3.540,1.02,0.17,-3.29,,,,,,,,,,,,,,,,,,,,,,,,
3.560,0.90,0.35,22.43,3.560,1.11,-3.87,67.02,3.560,1.01,0.01,0.15,3.560,1.02,0.03,-4.16,,,,,,,,,,,,,,,,,,,,,,,,
3.580,0.91,0.87,7.45,3.580,1.05,-1.15,71.70,3.580,1.01,0.01,0.06,3.580,1.02,-0.05,-2.38,,,,,,,,,,,,,,,,,,,,,,,,
3.600,0.95,0.68,-11.49,3.600,1.05,-0.59,40.55,3.600,1.01,0.01,0.03,3.600,1.02,-0.05,0.30,,,,,,,,,,,,,,,,,,,,,,,,
3.620,0.95,0.12,-17.67,3.620,1.04,-0.10,18.18,3.620,1.01,0.01,0.66,3.620,1.02,-0.03,1.89,,,,,,,,,,,,,,,,,,,,,,,,
3.640,0.94,-0.29,-13.04,3.640,1.04,-0.05,18.63,3.640,1.01,0.01,2.41,3.640,1.02,0.04,1.37,,,,,,,,,,,,,,,,,,,,,,,,
3.660,0.94,-0.28,-9.97,3.660,1.04,0.49,14.60,3.660,1.01,0.09,3.51,3.660,1.02,0.08,-0.97,,,,,,,,,,,,,,,,,,,,,,,,
3.680,0.93,-0.48,-11.10,3.680,1.04,1.05,-3.39,3.680,1.01,0.22,0.25,3.680,1.03,0.00,-2.97,,,,,,,,,,,,,,,,,,,,,,,,
3.700,0.92,-0.89,-8.37,3.700,1.10,0.55,-26.21,3.700,1.02,0.22,-5.71,3.700,1.02,-0.11,-2.18,,,,,,,,,,,,,,,,,,,,,,,,
3.720,0.89,-1.02,2.74,3.720,1.11,-0.51,-27.57,3.720,1.03,-0.09,-7.20,3.720,1.02,-0.13,0.39,,,,,,,,,,,,,,,,,,,,,,,,
3.740,0.87,-0.75,13.02,3.740,1.04,-1.09,-5.92,3.740,1.02,-0.29,-2.06,3.740,1.02,-0.05,2.21,,,,,,,,,,,,,,,,,,,,,,,,
3.760,0.86,-0.29,14.25,3.760,1.04,-0.62,12.90,3.760,1.00,-0.14,0.36,3.760,1.02,0.00,2.53,,,,,,,,,,,,,,,,,,,,,,,,
3.780,0.86,-0.05,8.67,3.780,1.04,-0.05,14.13,3.780,1.02,0.02,-4.32,3.780,1.02,0.03,2.23,,,,,,,,,,,,,,,,,,,,,,,,
3.800,0.86,-8.98E-4,3.05,3.800,1.04,0.00,4.91,3.800,1.02,-0.35,-9.44,3.800,1.02,0.09,2.09,,,,,,,,,,,,,,,,,,,,,,,,
3.820,0.86,0.01,0.54,3.820,1.04,-0.02,-0.85,3.820,1.01,-0.59,-5.30,3.820,1.02,0.12,1.93,,,,,,,,,,,,,,,,,,,,,,,,
3.840,0.86,0.02,-0.56,3.840,1.04,-0.07,-0.99,3.840,0.97,-0.66,4.63,3.840,1.02,0.16,1.57,,,,,,,,,,,,,,,,,,,,,,,,
3.860,0.86,-0.01,-1.60,3.860,1.04,-0.09,0.00,3.860,1.00,-0.31,6.30,3.860,1.03,0.19,0.67,,,,,,,,,,,,,,,,,,,,,,,,
3.880,0.86,-0.06,-2.18,3.880,1.03,-0.05,0.65,3.880,0.95,-0.08,-5.20,3.880,1.03,0.21,-1.62,,,,,,,,,,,,,,,,,,,,,,,,
3.900,0.86,-0.11,1.45,3.900,1.03,-0.04,0.39,3.900,0.99,-0.42,-16.49,3.900,1.04,0.16,-4.56,,,,,,,,,,,,,,,,,,,,,,,,
3.920,0.86,-0.14,6.86,3.920,1.03,-0.04,-0.05,3.920,0.97,-1.18,-12.88,3.920,1.04,-2.39E-4,-5.91,,,,,,,,,,,,,,,,,,,,,,,,
3.940,0.85,0.25,5.98,3.940,1.03,-0.05,-0.07,3.940,0.93,-1.19,-0.85,3.940,1.04,-0.15,-3.19,,,,,,,,,,,,,,,,,,,,,,,,
3.960,0.85,0.41,-4.06,3.960,1.03,-0.05,0.09,3.960,0.87,-0.85,3.63,3.960,1.03,-0.20,0.77,,,,,,,,,,,,,,,,,,,,,,,,
3.980,0.89,0.06,-13.70,3.980,1.03,-0.04,0.15,3.980,0.94,-0.84,-1.28,3.980,1.03,-0.03,6.09,,,,,,,,,,,,,,,,,,,,,,,,
4.000,0.87,-0.44,-9.54,4.000,1.03,-0.04,0.14,4.000,0.85,-1.09,4.28,4.000,1.03,-0.03,13.57,,,,,,,,,,,,,,,,,,,,,,,,
4.020,0.85,-0.55,5.55,4.020,1.03,-0.04,0.10,4.020,0.85,-1.11,17.12,4.020,1.04,0.41,18.28,,,,,,,,,,,,,,,,,,,,,,,,
4.040,0.85,-0.13,16.14,4.040,1.03,-0.03,0.07,4.040,0.84,-0.07,20.55,4.040,1.01,0.99,14.48,,,,,,,,,,,,,,,,,,,,,,,,
4.060,0.85,0.42,12.31,4.060,1.03,-0.03,0.03,4.060,0.82,0.20,7.74,4.060,1.09,1.15,-7.22,,,,,,,,,,,,,,,,,,,,,,,,
4.080,0.85,0.53,4.72,4.080,1.03,-0.03,-0.02,4.080,0.86,0.07,-8.24,4.080,1.10,0.97,-33.75,,,,,,,,,,,,,,,,,,,,,,,,
4.100,0.89,0.27,6.70,4.100,1.03,-0.03,-0.05,4.100,0.84,-0.33,-8.38,4.100,1.09,-0.44,-45.16,,,,,,,,,,,,,,,,,,,,,,,,
4.120,0.87,0.59,9.77,4.120,1.03,-0.04,-0.10,4.120,0.83,-0.54,1.96,4.120,1.12,-1.47,-31.72,,,,,,,,,,,,,,,,,,,,,,,,
4.140,0.87,1.17,-3.20,4.140,1.02,-0.04,-0.09,4.140,0.82,-0.20,10.81,4.140,1.01,-1.82,7.85,,,,,,,,,,,,,,,,,,,,,,,,
4.160,0.95,0.81,-24.71,4.160,1.02,-0.04,0.03,4.160,0.82,0.18,8.86,4.160,1.01,-1.45,46.45,,,,,,,,,,,,,,,,,,,,,,,,
4.180,0.95,-0.34,-25.02,4.180,1.02,-0.04,0.25,4.180,0.83,0.26,-0.10,4.180,0.99,0.48,61.82,,,,,,,,,,,,,,,,,,,,,,,,
4.200,0.88,-0.88,-2.11,4.200,1.02,-0.03,0.52,4.200,0.84,0.07,-3.65,4.200,0.97,1.80,27.92,,,,,,,,,,,,,,,,,,,,,,,,
4.220,0.90,-0.15,18.96,4.220,1.02,-0.02,0.41,4.220,0.83,-0.10,0.36,4.220,1.11,2.35,-29.56,,,,,,,,,,,,,,,,,,,,,,,,
4.240,0.90,0.37,26.82,4.240,1.02,0.00,-0.04,4.240,0.83,0.10,2.63,4.240,1.11,0.03,-45.10,,,,,,,,,,,,,,,,,,,,,,,,
4.260,0.91,0.69,23.11,4.260,1.02,-0.02,-0.39,4.260,0.83,0.27,-2.63,4.260,1.13,-1.30,-19.31,,,,,,,,,,,,,,,,,,,,,,,,
4.280,0.91,1.50,9.03,4.280,1.02,-0.03,-0.32,4.280,0.85,0.01,-9.26,4.280,0.95,0.04,-5.67,,,,,,,,,,,,,,,,,,,,,,,,
4.300,0.97,1.50,-16.07,4.300,1.02,-0.03,-0.15,4.300,0.83,-0.33,-7.35,4.300,1.11,0.02,-41.97,,,,,,,,,,,,,,,,,,,,,,,,
4.320,1.02,0.65,-33.23,4.320,1.02,-0.03,-0.55,4.320,0.82,-0.41,0.30,4.320,1.13,-1.98,-62.89,,,,,,,,,,,,,,,,,,,,,,,,
4.340,0.98,-0.39,-26.15,4.340,1.02,-0.04,-1.21,4.340,0.82,-0.19,4.83,4.340,0.95,-4.32,-17.16,,,,,,,,,,,,,,,,,,,,,,,,
4.360,0.98,-0.60,-7.39,4.360,1.02,-0.09,-1.69,4.360,0.82,-0.09,3.90,4.360,0.87,-3.16,47.10,,,,,,,,,,,,,,,,,,,,,,,,
4.380,0.97,-0.39,4.35,4.380,1.02,-0.12,-1.63,4.380,0.82,-0.06,4.16,4.380,0.85,-0.85,68.07,,,,,,,,,,,,,,,,,,,,,,,,
4.400,0.96,-0.24,3.83,4.400,1.01,-0.16,-1.15,4.400,0.82,-0.06,8.22,4.400,0.85,0.20,40.03,,,,,,,,,,,,,,,,,,,,,,,,
4.420,0.95,-0.23,-0.02,4.420,1.01,-0.17,-0.95,4.420,0.82,0.28,8.87,4.420,0.87,0.48,7.21,,,,,,,,,,,,,,,,,,,,,,,,
4.440,0.96,-0.30,1.37,4.440,1.00,-0.17,-1.41,4.440,0.81,0.55,0.86,4.440,0.88,0.31,-10.56,,,,,,,,,,,,,,,,,,,,,,,,
4.460,0.93,-0.33,6.67,4.460,1.00,-0.22,-2.58,4.460,0.85,0.39,-10.48,4.460,0.88,-0.09,-15.98,,,,,,,,,,,,,,,,,,,,,,,,
4.480,0.94,0.02,7.34,4.480,1.00,-0.28,-3.37,4.480,0.84,-0.07,-12.98,4.480,0.88,-0.49,-11.34,,,,,,,,,,,,,,,,,,,,,,,,
4.500,0.93,0.25,0.85,4.500,0.99,-0.37,-6.82,4.500,0.83,-0.36,-7.51,4.500,0.86,-0.64,-1.49,,,,,,,,,,,,,,,,,,,,,,,,
4.520,0.97,0.00,-6.32,4.520,0.98,-0.42,20.02,4.520,0.83,-0.26,-2.65,4.520,0.84,-0.51,6.43,,,,,,,,,,,,,,,,,,,,,,,,
4.540,0.94,-0.21,-5.57,4.540,0.97,-0.90,78.21,4.540,0.83,-0.32,-1.51,4.540,0.84,-0.25,8.84,,,,,,,,,,,,,,,,,,,,,,,,
4.560,0.94,-0.28,-1.29,4.560,0.97,2.64,156.07,4.560,0.82,-0.42,0.22,4.560,0.84,-0.10,7.90,,,,,,,,,,,,,,,,,,,,,,,,
4.580,0.94,-0.14,0.32,4.580,0.90,5.95,155.94,4.580,0.80,-0.38,4.71,4.580,0.83,0.02,6.39,,,,,,,,,,,,,,,,,,,,,,,,
4.600,0.93,-0.22,0.34,4.600,1.37,11.46,10.53,4.600,0.80,-0.18,7.11,4.600,0.84,0.17,4.12,,,,,,,,,,,,,,,,,,,,,,,,
4.620,0.93,-0.23,1.23,4.620,1.28,9.00,-174.27,4.620,0.80,0.00,5.31,4.620,0.84,0.24,-0.43,,,,,,,,,,,,,,,,,,,,,,,,
4.640,0.92,-0.15,3.07,4.640,1.96,0.86,-250.34,4.640,0.80,0.06,1.20,4.640,0.85,0.17,-5.87,,,,,,,,,,,,,,,,,,,,,,,,
4.660,0.92,-0.07,3.00,4.660,1.39,-4.36,-126.07,4.660,0.80,0.03,-2.17,4.660,0.85,-0.03,-8.73,,,,,,,,,,,,,,,,,,,,,,,,
4.680,0.92,-0.01,1.47,4.680,1.36,-5.22,30.34,4.680,0.80,-0.06,-3.12,4.680,0.85,-0.26,-6.88,,,,,,,,,,,,,,,,,,,,,,,,
4.700,0.92,0.00,0.12,4.700,1.36,-0.05,80.68,4.700,0.80,-0.14,-2.00,4.700,0.84,-0.38,-1.51,,,,,,,,,,,,,,,,,,,,,,,,
4.720,0.92,-0.04,-0.30,4.720,1.37,0.19,39.48,4.720,0.80,-0.15,-0.23,4.720,0.83,-0.31,3.35,,,,,,,,,,,,,,,,,,,,,,,,
4.740,0.92,-0.03,-0.13,4.740,1.38,-0.09,-8.01,4.740,0.79,-0.13,0.79,4.740,0.82,-0.16,4.76,,,,,,,,,,,,,,,,,,,,,,,,
4.760,0.92,-0.02,-0.48,4.760,1.37,-0.44,-5.30,4.760,0.79,-0.11,0.89,4.760,0.82,-0.07,5.40,,,,,,,,,,,,,,,,,,,,,,,,
4.780,0.92,-0.03,-1.40,4.780,1.35,-0.38,7.73,4.780,0.79,-0.09,0.73,4.780,0.82,-0.05,8.68,,,,,,,,,,,,,,,,,,,,,,,,
4.800,0.92,-0.09,-1.43,4.800,1.34,-0.16,16.42,4.800,0.79,-0.08,0.55,4.800,0.82,0.22,9.93,,,,,,,,,,,,,,,,,,,,,,,,
4.820,0.92,-0.13,-0.33,4.820,1.35,0.55,10.02,4.820,0.79,-0.07,0.38,4.820,0.82,0.59,24.27,,,,,,,,,,,,,,,,,,,,,,,,
4.840,0.91,-0.10,-6.31,4.840,1.34,0.60,-6.92,4.840,0.78,-0.06,0.22,4.840,0.85,0.49,31.96,,,,,,,,,,,,,,,,,,,,,,,,
4.860,0.91,-0.07,53.79,4.860,1.42,0.07,-16.68,4.860,0.78,-0.06,0.09,4.860,0.86,2.60,2.66,,,,,,,,,,,,,,,,,,,,,,,,
4.880,0.91,-0.91,215.80,4.880,1.35,-0.51,-5.65,4.880,0.78,-0.06,0.09,4.880,0.84,2.04,-56.24,,,,,,,,,,,,,,,,,,,,,,,,
4.900,0.91,7.14,257.90,4.900,1.35,-0.34,8.87,4.900,0.78,-0.06,0.23,4.900,1.15,-0.65,-86.66,,,,,,,,,,,,,,,,,,,,,,,,
4.920,0.80,18.59,-17.91,4.920,1.35,0.33,10.02,4.920,0.78,-0.05,0.54,4.920,0.81,-3.01,-34.70,,,,,,,,,,,,,,,,,,,,,,,,
4.940,1.87,11.38,-431.87,4.940,1.38,0.29,-1.02,4.940,0.78,-0.04,0.93,4.940,0.81,-2.75,28.98,,,,,,,,,,,,,,,,,,,,,,,,
4.960,2.18,-7.30,-502.92,4.960,1.37,0.06,-6.31,4.960,0.78,-0.02,1.20,4.960,0.81,-0.02,45.31,,,,,,,,,,,,,,,,,,,,,,,,
4.980,0.90,-18.79,-50.60,4.980,1.37,-0.19,0.06,4.980,0.78,0.01,1.29,4.980,0.82,-0.16,21.87,,,,,,,,,,,,,,,,,,,,,,,,
5.000,0.90,-11.59,383.74,5.000,1.36,0.06,6.78,5.000,0.78,0.04,1.21,5.000,0.80,-0.16,2.53,,,,,,,,,,,,,,,,,,,,,,,,
5.020,0.90,9.59,363.71,5.020,1.36,0.30,3.25,5.020,0.78,0.06,0.98,5.020,0.80,0.01,2.85,,,,,,,,,,,,,,,,,,,,,,,,
5.040,0.79,10.36,-27.59,5.040,1.38,0.38,-9.44,5.040,0.78,0.08,0.55,5.040,0.81,0.11,,,,,,,,,,,,,,,,,,,,,,,,,
5.060,2.16,2.90,-260.78,5.060,1.39,-0.13,-15.67,5.060,0.78,0.09,0.00,5.060,0.81,-0.08,,,,,,,,,,,,,,,,,,,,,,,,,
5.080,0.88,-8.21,-20.59,5.080,1.38,-0.65,-8.31,5.080,0.79,0.08,-0.45,5.080,0.81,,,,,,,,,,,,,,,,,,,,,,,,,,
5.100,1.16,-3.13,281.07,5.100,1.35,-0.55,5.70,5.100,0.79,0.06,-0.55,,,,,,,,,,,,,,,,,,,,,,,,,,,,
5.120,0.81,13.93,299.34,5.120,1.35,-0.19,10.59,5.120,0.79,0.05,-0.04,,,,,,,,,,,,,,,,,,,,,,,,,,,,
5.140,1.85,14.50,-28.60,5.140,1.36,0.10,5.31,5.140,0.79,0.05,0.61,,,,,,,,,,,,,,,,,,,,,,,,,,,,
5.160,1.85,10.08,-361.38,5.160,1.35,-0.03,-0.60,5.160,0.79,0.09,0.39,,,,,,,,,,,,,,,,,,,,,,,,,,,,
5.180,1.85,-2.72,-419.74,5.180,1.35,-0.07,-0.72,5.180,0.79,0.10,-1.07,,,,,,,,,,,,,,,,,,,,,,,,,,,,
5.200,2.02,-12.22,-253.57,5.200,1.35,-0.09,-12.86,5.200,0.80,0.05,-2.62,,,,,,,,,,,,,,,,,,,,,,,,,,,,
5.220,1.36,-13.57,40.68,5.220,1.35,0.07,-44.42,5.220,0.79,-0.04,-2.54,,,,,,,,,,,,,,,,,,,,,,,,,,,,
5.240,0.88,-9.50,234.28,5.240,1.34,-1.72,-66.61,5.240,0.79,-0.09,-1.13,,,,,,,,,,,,,,,,,,,,,,,,,,,,
5.260,1.37,-0.56,303.41,5.260,1.37,-3.78,-26.77,5.260,0.79,-0.07,0.10,,,,,,,,,,,,,,,,,,,,,,,,,,,,
5.280,0.87,2.89,,5.280,1.12,-4.23,71.11,5.280,0.79,-0.06,1.89,,,,,,,,,,,,,,,,,,,,,,,,,,,,
5.300,1.30,10.46,,5.300,1.12,-0.62,131.26,5.300,0.79,-0.06,4.25,,,,,,,,,,,,,,,,,,,,,,,,,,,,
5.320,1.29,,,5.320,1.08,3.66,92.57,5.320,0.79,0.13,4.16,,,,,,,,,,,,,,,,,,,,,,,,,,,,
,,,,5.340,1.33,4.08,-8.08,5.340,0.79,0.25,-1.27,,,,,,,,,,,,,,,,,,,,,,,,,,,,
,,,,5.360,1.35,2.17,-67.11,5.360,0.81,0.13,-8.60,,,,,,,,,,,,,,,,,,,,,,,,,,,,
,,,,5.380,1.34,-0.10,-52.01,5.380,0.80,-0.21,-9.53,,,,,,,,,,,,,,,,,,,,,,,,,,,,
,,,,5.400,1.33,-0.21,-13.29,5.400,0.79,-0.44,-3.29,,,,,,,,,,,,,,,,,,,,,,,,,,,,
,,,,5.420,1.33,0.22,3.47,5.420,0.78,-0.32,3.99,,,,,,,,,,,,,,,,,,,,,,,,,,,,
,,,,5.440,1.33,0.26,-3.71,5.440,0.77,-0.16,6.32,,,,,,,,,,,,,,,,,,,,,,,,,,,,
,,,,5.460,1.37,-0.15,-9.03,5.460,0.77,-0.02,3.72,,,,,,,,,,,,,,,,,,,,,,,,,,,,
,,,,5.480,1.33,-0.29,-4.99,5.480,0.77,0.01,-0.07,,,,,,,,,,,,,,,,,,,,,,,,,,,,
,,,,5.500,1.32,-0.32,-1.59,5.500,0.78,-0.04,-2.59,,,,,,,,,,,,,,,,,,,,,,,,,,,,
,,,,5.520,1.35,-0.17,-2.83,5.520,0.77,-0.14,-2.29,,,,,,,,,,,,,,,,,,,,,,,,,,,,
,,,,5.540,1.31,-0.46,-2.90,5.540,0.77,-0.18,-0.26,,,,,,,,,,,,,,,,,,,,,,,,,,,,
,,,,5.560,1.32,-0.49,-1.92,5.560,0.77,-0.13,1.44,,,,,,,,,,,,,,,,,,,,,,,,,,,,
,,,,5.580,1.30,-0.35,-0.25,5.580,0.76,-0.08,1.69,,,,,,,,,,,,,,,,,,,,,,,,,,,,
,,,,5.600,1.30,-0.51,-1.57,5.600,0.76,-0.06,1.03,,,,,,,,,,,,,,,,,,,,,,,,,,,,
,,,,5.620,1.28,-0.47,-2.77,5.620,0.76,-0.05,0.47,,,,,,,,,,,,,,,,,,,,,,,,,,,,
,,,,5.640,1.27,-0.56,-11.21,5.640,0.76,-0.04,0.19,,,,,,,,,,,,,,,,,,,,,,,,,,,,
,,,,5.660,1.27,-0.63,-26.64,5.660,0.76,-0.04,0.00,,,,,,,,,,,,,,,,,,,,,,,,,,,,
,,,,5.680,1.24,-1.69,-29.82,5.680,0.76,-0.04,-0.22,,,,,,,,,,,,,,,,,,,,,,,,,,,,
,,,,5.700,1.23,-2.53,-8.88,5.700,0.76,-0.05,-0.50,,,,,,,,,,,,,,,,,,,,,,,,,,,,
,,,,5.720,1.11,-2.23,26.74,5.720,0.76,-0.06,,,,,,,,,,,,,,,,,,,,,,,,,,,,,
,,,,5.740,1.11,-1.16,41.97,5.740,0.76,-0.08,,,,,,,,,,,,,,,,,,,,,,,,,,,,,
,,,,5.760,1.10,0.14,26.62,5.760,0.75,,,,,,,,,,,,,,,,,,,,,,,,,,,,,,
,,,,5.780,1.10,0.13,-2.34,,,,,,,,,,,,,,,,,,,,,,,,,,,,,,,,
,,,,5.800,1.13,-0.33,-19.42,,,,,,,,,,,,,,,,,,,,,,,,,,,,,,,,
,,,,5.820,1.09,-0.97,-12.67,,,,,,,,,,,,,,,,,,,,,,,,,,,,,,,,
,,,,5.840,1.07,-1.09,-2.16,,,,,,,,,,,,,,,,,,,,,,,,,,,,,,,,
,,,,5.860,1.04,-0.63,-2.37,,,,,,,,,,,,,,,,,,,,,,,,,,,,,,,,
,,,,5.880,1.05,-0.93,-12.03,,,,,,,,,,,,,,,,,,,,,,,,,,,,,,,,
,,,,5.900,1.04,-1.42,-12.92,,,,,,,,,,,,,,,,,,,,,,,,,,,,,,,,
,,,,5.920,0.96,-1.74,1.87,,,,,,,,,,,,,,,,,,,,,,,,,,,,,,,,
,,,,5.940,0.96,-1.36,12.79,,,,,,,,,,,,,,,,,,,,,,,,,,,,,,,,
,,,,5.960,0.92,-0.76,8.12,,,,,,,,,,,,,,,,,,,,,,,,,,,,,,,,
,,,,5.980,0.92,-0.87,-5.54,,,,,,,,,,,,,,,,,,,,,,,,,,,,,,,,
,,,,6.000,0.91,-1.26,-7.29,,,,,,,,,,,,,,,,,,,,,,,,,,,,,,,,
,,,,6.020,0.86,-1.52,8.55,,,,,,,,,,,,,,,,,,,,,,,,,,,,,,,,
,,,,6.040,0.83,-0.98,20.89,,,,,,,,,,,,,,,,,,,,,,,,,,,,,,,,
,,,,6.060,0.82,-0.13,16.44,,,,,,,,,,,,,,,,,,,,,,,,,,,,,,,,
,,,,6.080,0.83,-0.15,3.23,,,,,,,,,,,,,,,,,,,,,,,,,,,,,,,,
,,,,6.100,0.84,-0.37,-0.50,,,,,,,,,,,,,,,,,,,,,,,,,,,,,,,,
,,,,6.120,0.79,-0.34,-3.13,,,,,,,,,,,,,,,,,,,,,,,,,,,,,,,,
,,,,6.140,0.82,0.01,85.09,,,,,,,,,,,,,,,,,,,,,,,,,,,,,,,,
,,,,6.160,0.81,-0.91,175.53,,,,,,,,,,,,,,,,,,,,,,,,,,,,,,,,
,,,,6.180,0.82,10.40,164.73,,,,,,,,,,,,,,,,,,,,,,,,,,,,,,,,
,,,,6.200,0.68,10.33,49.47,,,,,,,,,,,,,,,,,,,,,,,,,,,,,,,,
,,,,6.220,2.20,8.54,-57.48,,,,,,,,,,,,,,,,,,,,,,,,,,,,,,,,
,,,,6.240,0.67,6.89,-17.74,,,,,,,,,,,,,,,,,,,,,,,,,,,,,,,,
,,,,6.260,1.85,6.94,-47.08,,,,,,,,,,,,,,,,,,,,,,,,,,,,,,,,
,,,,6.280,1.85,9.80,-115.49,,,,,,,,,,,,,,,,,,,,,,,,,,,,,,,,
,,,,6.300,1.85,-0.02,-139.59,,,,,,,,,,,,,,,,,,,,,,,,,,,,,,,,
,,,,6.320,1.85,-0.01,-81.49,,,,,,,,,,,,,,,,,,,,,,,,,,,,,,,,
,,,,6.340,1.85,0.00,0.51,,,,,,,,,,,,,,,,,,,,,,,,,,,,,,,,
,,,,6.360,1.85,0.00,0.84,,,,,,,,,,,,,,,,,,,,,,,,,,,,,,,,
,,,,6.380,1.85,0.03,0.96,,,,,,,,,,,,,,,,,,,,,,,,,,,,,,,,
,,,,6.400,1.85,0.06,0.38,,,,,,,,,,,,,,,,,,,,,,,,,,,,,,,,
,,,,6.420,1.85,0.06,-0.86,,,,,,,,,,,,,,,,,,,,,,,,,,,,,,,,
,,,,6.440,1.86,0.02,-1.75,,,,,,,,,,,,,,,,,,,,,,,,,,,,,,,,
,,,,6.460,1.85,-0.04,-1.58,,,,,,,,,,,,,,,,,,,,,,,,,,,,,,,,
,,,,6.480,1.85,-0.06,-0.60,,,,,,,,,,,,,,,,,,,,,,,,,,,,,,,,
,,,,6.500,1.85,-0.05,0.40,,,,,,,,,,,,,,,,,,,,,,,,,,,,,,,,
,,,,6.520,1.85,-0.03,0.73,,,,,,,,,,,,,,,,,,,,,,,,,,,,,,,,
,,,,6.540,1.85,-0.01,0.59,,,,,,,,,,,,,,,,,,,,,,,,,,,,,,,,
,,,,6.560,1.85,-0.01,0.37,,,,,,,,,,,,,,,,,,,,,,,,,,,,,,,,
,,,,6.580,1.85,0.00,0.28,,,,,,,,,,,,,,,,,,,,,,,,,,,,,,,,
,,,,6.600,1.85,0.00,0.23,,,,,,,,,,,,,,,,,,,,,,,,,,,,,,,,
,,,,6.620,1.85,0.01,0.12,,,,,,,,,,,,,,,,,,,,,,,,,,,,,,,,
,,,,6.640,1.85,0.01,0.06,,,,,,,,,,,,,,,,,,,,,,,,,,,,,,,,
,,,,6.660,1.85,0.01,0.02,,,,,,,,,,,,,,,,,,,,,,,,,,,,,,,,
,,,,6.680,1.85,0.01,-0.02,,,,,,,,,,,,,,,,,,,,,,,,,,,,,,,,
,,,,6.700,1.85,0.01,25.78,,,,,,,,,,,,,,,,,,,,,,,,,,,,,,,,
,,,,6.720,1.85,0.00,-28.21,,,,,,,,,,,,,,,,,,,,,,,,,,,,,,,,
,,,,6.740,1.85,3.10,-213.80,,,,,,,,,,,,,,,,,,,,,,,,,,,,,,,,
,,,,6.760,1.85,-6.48,-371.05,,,,,,,,,,,,,,,,,,,,,,,,,,,,,,,,
,,,,6.780,2.22,-19.17,-262.57,,,,,,,,,,,,,,,,,,,,,,,,,,,,,,,,
,,,,6.800,0.70,-22.25,109.10,,,,,,,,,,,,,,,,,,,,,,,,,,,,,,,,
,,,,6.820,0.70,-12.63,346.94,,,,,,,,,,,,,,,,,,,,,,,,,,,,,,,,
,,,,6.840,0.71,0.08,292.93,,,,,,,,,,,,,,,,,,,,,,,,,,,,,,,,
,,,,6.860,0.70,0.14,106.86,,,,,,,,,,,,,,,,,,,,,,,,,,,,,,,,
,,,,6.880,0.71,0.13,0.51,,,,,,,,,,,,,,,,,,,,,,,,,,,,,,,,
,,,,6.900,0.71,0.13,0.30,,,,,,,,,,,,,,,,,,,,,,,,,,,,,,,,
,,,,6.920,0.71,0.14,1.08,,,,,,,,,,,,,,,,,,,,,,,,,,,,,,,,
,,,,6.940,0.72,0.17,1.67,,,,,,,,,,,,,,,,,,,,,,,,,,,,,,,,
,,,,6.960,0.72,0.23,,,,,,,,,,,,,,,,,,,,,,,,,,,,,,,,,
,,,,6.980,0.72,0.24,,,,,,,,,,,,,,,,,,,,,,,,,,,,,,,,,
,,,,7.000,0.73,,,,,,,,,,,,,,,,,,,,,,,,,,,,,,,,,,
