Time (s) Run #2,Time (s) Run #3,Time (s) Run #4,Time (s) Run #5,Time (s) Run #6,Time (s) Run #8,Time (s) Run #9,Time (s) Run #10,Time (s) Run #11,Time (s) Run #12,Position (m) Run #2,Position (m) Run #3,Position (m) Run #4,Position (m) Run #5,Position (m) Run #6,Position (m) Run #8,Position (m) Run #9,Position (m) Run #10,Position (m) Run #11,Position (m) Run #12
-2.02,-2.64,-2.92,-2.52,-1.42,-1.7,-2.02,-1.56,-1.98,-1.68,,,,,,,,,,
-2.0,-2.62,-2.9,-2.5,-1.4,-1.68,-2.0,-1.54,-1.96,-1.66,,,,,,,,,,
-1.98,-2.6,-2.88,-2.48,-1.38,-1.66,-1.98,-1.52,-1.94,-1.64,,,,,,,,,,
-1.96,-2.58,-2.86,-2.46,-1.3599999999999999,-1.64,-1.96,-1.5,-1.92,-1.6199999999999999,,,,,,,,,,
-1.94,-2.56,-2.84,-2.44,-1.3399999999999999,-1.6199999999999999,-1.94,-1.48,-1.9,-1.5999999999999999,,,,,,,,,,
-1.92,-2.54,-2.82,-2.42,-1.3199999999999998,-1.5999999999999999,-1.92,-1.46,-1.88,-1.5799999999999998,,,,,,,,,,
-1.9,-2.52,-2.8,-2.4,-1.2999999999999998,-1.58,-1.9,-1.44,-1.8599999999999999,-1.56,,,,,,,,,,
-1.88,-2.5,-2.78,-2.38,-1.2799999999999998,-1.56,-1.88,-1.42,-1.8399999999999999,-1.54,,,,,,,,,,
-1.86,-2.48,-2.76,-2.36,-1.26,-1.54,-1.86,-1.4000000000000001,-1.82,-1.52,,,,,,,,,,
-1.84,-2.46,-2.7399999999999998,-2.34,-1.24,-1.52,-1.84,-1.3800000000000001,-1.8,-1.5,,,,,,,,,,
-1.82,-2.44,-2.7199999999999998,-2.32,-1.22,-1.5,-1.82,-1.36,-1.78,-1.48,,,,,,,,,,
-1.8,-2.42,-2.6999999999999997,-2.3,-1.2,-1.48,-1.8,-1.34,-1.76,-1.46,,,,,,,,,,
-1.78,-2.4000000000000004,-2.6799999999999997,-2.2800000000000002,-1.18,-1.46,-1.78,-1.32,-1.74,-1.44,,,,,,,,,,
-1.76,-2.38,-2.66,-2.26,-1.16,-1.44,-1.76,-1.3,-1.72,-1.42,,,,,,,,,,
-1.74,-2.3600000000000003,-2.6399999999999997,-2.24,-1.14,-1.42,-1.74,-1.28,-1.7,-1.4,,,,,,,,,,
-1.72,-2.3400000000000003,-2.62,-2.22,-1.1199999999999999,-1.4,-1.72,-1.26,-1.68,-1.38,,,,,,,,,,
-1.7,-2.3200000000000003,-2.6,-2.2,-1.0999999999999999,-1.38,-1.7,-1.24,-1.66,-1.3599999999999999,,,,,,,,,,
-1.68,-2.3000000000000003,-2.58,-2.18,-1.0799999999999998,-1.3599999999999999,-1.68,-1.22,-1.64,-1.3399999999999999,,,,,,,,,,
-1.6600000000000001,-2.2800000000000002,-2.56,-2.16,-1.06,-1.3399999999999999,-1.6600000000000001,-1.2000000000000002,-1.62,-1.3199999999999998,,,,,,,,,,
-1.6400000000000001,-2.2600000000000002,-2.54,-2.14,-1.04,-1.3199999999999998,-1.6400000000000001,-1.1800000000000002,-1.6,-1.2999999999999998,,,,,,,,,,
-1.62,-2.24,-2.52,-2.12,-1.02,-1.2999999999999998,-1.62,-1.1600000000000001,-1.58,-1.2799999999999998,,,,,,,,,,
-1.6,-2.22,-2.5,-2.1,-1.0,-1.28,-1.6,-1.1400000000000001,-1.56,-1.26,,,,,,,,,,
-1.58,-2.2,-2.48,-2.08,-0.98,-1.26,-1.58,-1.12,-1.54,-1.24,,,,,,,,,,
-1.56,-2.18,-2.46,-2.06,-0.96,-1.24,-1.56,-1.1,-1.52,-1.22,,,,,,,,,,
-1.54,-2.16,-2.44,-2.04,-0.94,-1.22,-1.54,-1.08,-1.5,-1.2,,,,,,,,,,
-1.52,-2.14,-2.42,-2.02,-0.9199999999999999,-1.2,-1.52,-1.06,-1.48,-1.18,,,,,,,,,,
-1.5,-2.12,-2.4,-2.0,-0.8999999999999999,-1.18,-1.5,-1.04,-1.46,-1.16,,,,,,,,,,
-1.48,-2.1,-2.38,-1.98,-0.8799999999999999,-1.16,-1.48,-1.02,-1.44,-1.14,,,,,,,,,,
-1.46,-2.08,-2.36,-1.96,-0.8599999999999999,-1.14,-1.46,-1.0,-1.42,-1.1199999999999999,,,,,,,,,,
-1.44,-2.06,-2.34,-1.94,-0.84,-1.12,-1.44,-0.9800000000000001,-1.4,-1.1,,,,,,,,,,
-1.42,-2.04,-2.32,-1.92,-0.82,-1.1,-1.42,-0.9600000000000001,-1.38,-1.08,,,,,,,,,,
-1.4,-2.02,-2.3,-1.9,-0.7999999999999999,-1.08,-1.4,-0.9400000000000001,-1.3599999999999999,-1.06,,,,,,,,,,
-1.38,-2.0,-2.28,-1.88,-0.7799999999999999,-1.06,-1.38,-0.92,-1.3399999999999999,-1.04,,,,,,,,,,
-1.3599999999999999,-1.98,-2.26,-1.8599999999999999,-0.7599999999999999,-1.04,-1.3599999999999999,-0.9,-1.3199999999999998,-1.02,,,,,,,,,,
-1.3399999999999999,-1.96,-2.2399999999999998,-1.8399999999999999,-0.7399999999999999,-1.02,-1.3399999999999999,-0.88,-1.2999999999999998,-0.9999999999999999,,,,,,,,,,
-1.32,-1.9400000000000002,-2.2199999999999998,-1.82,-0.72,-1.0,-1.32,-0.8600000000000001,-1.28,-0.98,,,,,,,,,,
-1.3,-1.9200000000000002,-2.2,-1.8,-0.7,-0.98,-1.3,-0.8400000000000001,-1.26,-0.96,,,,,,,,,,
-1.28,-1.9000000000000001,-2.1799999999999997,-1.78,-0.6799999999999999,-0.96,-1.28,-0.8200000000000001,-1.24,-0.94,,,,,,,,,,
-1.26,-1.8800000000000001,-2.16,-1.76,-0.6599999999999999,-0.94,-1.26,-0.8,-1.22,-0.9199999999999999,,,,,,,,,,
-1.24,-1.86,-2.1399999999999997,-1.74,-0.6399999999999999,-0.9199999999999999,-1.24,-0.78,-1.2,-0.8999999999999999,,,,,,,,,,
-1.22,-1.84,-2.12,-1.72,-0.6199999999999999,-0.8999999999999999,-1.22,-0.76,-1.18,-0.8799999999999999,,,,,,,,,,
-1.2000000000000002,-1.8200000000000003,-2.1,-1.7000000000000002,-0.6,-0.88,-1.2000000000000002,-0.7400000000000001,-1.1600000000000001,-0.86,,,,,,,,,,
-1.1800000000000002,-1.8000000000000003,-2.08,-1.6800000000000002,-0.58,-0.86,-1.1800000000000002,-0.7200000000000001,-1.1400000000000001,-0.84,,,,,,,,,,
-1.1600000000000001,-1.7800000000000002,-2.06,-1.6600000000000001,-0.5599999999999999,-0.84,-1.1600000000000001,-0.7000000000000001,-1.12,-0.82,,,,,,,,,,
-1.1400000000000001,-1.7600000000000002,-2.04,-1.6400000000000001,-0.5399999999999999,-0.82,-1.1400000000000001,-0.68,-1.1,-0.7999999999999999,,,,,,,,,,
-1.12,-1.7400000000000002,-2.02,-1.62,-0.5199999999999999,-0.7999999999999999,-1.12,-0.66,-1.08,-0.7799999999999999,,,,,,,,,,
-1.1,-1.7200000000000002,-2.0,-1.6,-0.4999999999999999,-0.7799999999999999,-1.1,-0.64,-1.06,-0.7599999999999999,,,,,,,,,,
-1.08,-1.7000000000000002,-1.98,-1.58,-0.48,-0.76,-1.08,-0.6200000000000001,-1.04,-0.74,,,,,,,,,,
-1.06,-1.6800000000000002,-1.96,-1.56,-0.45999999999999996,-0.74,-1.06,-0.6000000000000001,-1.02,-0.72,,,,,,,,,,
-1.04,-1.6600000000000001,-1.94,-1.54,-0.43999999999999995,-0.72,-1.04,-0.5800000000000001,-1.0,-0.7,,,,,,,,,,
-1.02,-1.6400000000000001,-1.92,-1.52,-0.41999999999999993,-0.7,-1.02,-0.56,-0.98,-0.6799999999999999,,,,,,,,,,
-1.0,-1.62,-1.9,-1.5,-0.3999999999999999,-0.6799999999999999,-1.0,-0.54,-0.96,-0.6599999999999999,,,,,,,,,,
-0.98,-1.6,-1.88,-1.48,-0.3799999999999999,-0.6599999999999999,-0.98,-0.52,-0.94,-0.6399999999999999,,,,,,,,,,
-0.96,-1.58,-1.8599999999999999,-1.46,-0.3599999999999999,-0.6399999999999999,-0.96,-0.5,-0.9199999999999999,-0.6199999999999999,,,,,,,,,,
-0.94,-1.56,-1.8399999999999999,-1.44,-0.33999999999999986,-0.6199999999999999,-0.94,-0.48,-0.8999999999999999,-0.5999999999999999,,,,,,,,,,
-0.9199999999999999,-1.54,-1.8199999999999998,-1.42,-0.31999999999999984,-0.5999999999999999,-0.9199999999999999,-0.45999999999999996,-0.8799999999999999,-0.5799999999999998,,,,,,,,,,
-0.8999999999999999,-1.52,-1.7999999999999998,-1.4,-0.2999999999999998,-0.5799999999999998,-0.8999999999999999,-0.43999999999999995,-0.8599999999999999,-0.5599999999999998,,,,,,,,,,
-0.8800000000000001,-1.5000000000000002,-1.78,-1.3800000000000001,-0.28,-0.56,-0.8800000000000001,-0.42000000000000015,-0.8400000000000001,-0.54,,,,,,,,,,
-0.8600000000000001,-1.4800000000000002,-1.76,-1.36,-0.26,-0.54,-0.8600000000000001,-0.40000000000000013,-0.8200000000000001,-0.52,,,,,,,,,,
-0.8400000000000001,-1.4600000000000002,-1.74,-1.34,-0.24,-0.52,-0.8400000000000001,-0.3800000000000001,-0.8,-0.5,,,,,,,,,,
-0.8200000000000001,-1.4400000000000002,-1.72,-1.32,-0.21999999999999997,-0.5,-0.8200000000000001,-0.3600000000000001,-0.78,-0.48,,,,,,,,,,
-0.8,-1.4200000000000002,-1.7,-1.3,-0.19999999999999996,-0.48,-0.8,-0.3400000000000001,-0.76,-0.45999999999999996,,,,,,,,,,
-0.78,-1.4000000000000001,-1.68,-1.28,-0.17999999999999994,-0.45999999999999996,-0.78,-0.32000000000000006,-0.74,-0.43999999999999995,,,,,,,,,,
-0.76,-1.3800000000000001,-1.66,-1.26,-0.15999999999999992,-0.43999999999999995,-0.76,-0.30000000000000004,-0.72,-0.41999999999999993,,,,,,,,,,
-0.74,-1.36,-1.64,-1.24,-0.1399999999999999,-0.41999999999999993,-0.74,-0.28,-0.7,-0.3999999999999999,,,,,,,,,,
-0.72,-1.34,-1.6199999999999999,-1.22,-0.11999999999999988,-0.3999999999999999,-0.72,-0.26,-0.6799999999999999,-0.3799999999999999,,,,,,,,,,
-0.7,-1.32,-1.5999999999999999,-1.2,-0.09999999999999987,-0.3799999999999999,-0.7,-0.24,-0.6599999999999999,-0.3599999999999999,,,,,,,,,,
-0.6799999999999999,-1.3,-1.5799999999999998,-1.18,-0.07999999999999985,-0.3599999999999999,-0.6799999999999999,-0.21999999999999997,-0.6399999999999999,-0.33999999999999986,,,,,,,,,,
-0.6599999999999999,-1.28,-1.5599999999999998,-1.16,-0.05999999999999983,-0.33999999999999986,-0.6599999999999999,-0.19999999999999996,-0.6199999999999999,-0.31999999999999984,,,,,,,,,,
-0.6400000000000001,-1.2600000000000002,-1.54,-1.1400000000000001,-0.040000000000000036,-0.32000000000000006,-0.6400000000000001,-0.18000000000000016,-0.6000000000000001,-0.30000000000000004,,,,,,,,,,
-0.6200000000000001,-1.2400000000000002,-1.52,-1.12,-0.020000000000000018,-0.30000000000000004,-0.6200000000000001,-0.16000000000000014,-0.5800000000000001,-0.28,,,,,,,,,,
-0.6000000000000001,-1.2200000000000002,-1.5,-1.1,0.0,-0.28,-0.6000000000000001,-0.14000000000000012,-0.56,-0.26,,,,,0.94,,,,,
-0.5800000000000001,-1.2000000000000002,-1.48,-1.08,0.020000000000000018,-0.26,-0.5800000000000001,-0.1200000000000001,-0.54,-0.24,,,,,0.91,,,,,
-0.56,-1.1800000000000002,-1.46,-1.06,0.040000000000000036,-0.24,-0.56,-0.10000000000000009,-0.52,-0.21999999999999997,,,,,0.89,,,,,
-0.54,-1.1600000000000001,-1.44,-1.04,0.06000000000000005,-0.21999999999999997,-0.54,-0.08000000000000007,-0.5,-0.19999999999999996,,,,,0.87,,,,,
-0.52,-1.1400000000000001,-1.42,-1.02,0.08000000000000007,-0.19999999999999996,-0.52,-0.06000000000000005,-0.48,-0.17999999999999994,,,,,0.84,,,,,
-0.5,-1.12,-1.4,-1.0,0.10000000000000009,-0.17999999999999994,-0.5,-0.040000000000000036,-0.45999999999999996,-0.15999999999999992,,,,,0.81,,,,,
-0.48,-1.1,-1.38,-0.98,0.1200000000000001,-0.15999999999999992,-0.48,-0.020000000000000018,-0.43999999999999995,-0.1399999999999999,,,,,0.78,,,,,
-0.45999999999999996,-1.08,-1.3599999999999999,-0.96,0.14000000000000012,-0.1399999999999999,-0.45999999999999996,0.0,-0.41999999999999993,-0.11999999999999988,,,,,0.75,,,0.9,,
-0.43999999999999995,-1.06,-1.3399999999999999,-0.94,0.16000000000000014,-0.11999999999999988,-0.43999999999999995,0.020000000000000018,-0.3999999999999999,-0.09999999999999987,,,,,0.72,,,0.87,,
-0.41999999999999993,-1.04,-1.3199999999999998,-0.9199999999999999,0.18000000000000016,-0.09999999999999987,-0.41999999999999993,0.040000000000000036,-0.3799999999999999,-0.07999999999999985,,,,,0.68,,,0.85,,
-0.3999999999999999,-1.02,-1.2999999999999998,-0.8999999999999999,0.20000000000000018,-0.07999999999999985,-0.3999999999999999,0.06000000000000005,-0.3599999999999999,-0.05999999999999983,,,,,0.65,,,0.83,,
-0.3800000000000001,-1.0000000000000002,-1.28,-0.8800000000000001,0.21999999999999997,-0.06000000000000005,-0.3800000000000001,0.07999999999999985,-0.3400000000000001,-0.040000000000000036,,,,,0.61,,,0.81,,
-0.3600000000000001,-0.9800000000000002,-1.26,-0.8600000000000001,0.24,-0.040000000000000036,-0.3600000000000001,0.09999999999999987,-0.32000000000000006,-0.020000000000000018,,,,,0.57,,,0.78,,
-0.3400000000000001,-0.9600000000000002,-1.24,-0.8400000000000001,0.26,-0.020000000000000018,-0.3400000000000001,0.11999999999999988,-0.30000000000000004,0.0,,,,,0.53,,,0.76,,0.89
-0.32000000000000006,-0.9400000000000002,-1.22,-0.8200000000000001,0.28,0.0,-0.32000000000000006,0.1399999999999999,-0.28,0.020000000000000018,,,,,0.49,0.89,,0.73,,0.87
-0.30000000000000004,-0.9200000000000002,-1.2,-0.8,0.30000000000000004,0.020000000000000018,-0.30000000000000004,0.15999999999999992,-0.26,0.040000000000000036,,,,,0.44,0.87,,0.7,,0.86
-0.28,-0.9000000000000001,-1.18,-0.78,0.32000000000000006,0.040000000000000036,-0.28,0.17999999999999994,-0.24,0.06000000000000005,,,,,0.4,0.84,,0.67,,0.85
-0.26,-0.8800000000000001,-1.16,-0.76,0.3400000000000001,0.06000000000000005,-0.26,0.19999999999999996,-0.21999999999999997,0.08000000000000007,,,,,0.35,0.82,,0.64,,0.83
-0.24,-0.8600000000000001,-1.14,-0.74,0.3600000000000001,0.08000000000000007,-0.24,0.21999999999999997,-0.19999999999999996,0.10000000000000009,,,,,0.31,0.8,,0.61,,0.82
-0.21999999999999997,-0.8400000000000001,-1.1199999999999999,-0.72,0.3800000000000001,0.10000000000000009,-0.21999999999999997,0.24,-0.17999999999999994,0.1200000000000001,,,,,0.26,0.77,,0.58,,0.81
-0.19999999999999996,-0.8200000000000001,-1.0999999999999999,-0.7,0.40000000000000013,0.1200000000000001,-0.19999999999999996,0.26,-0.15999999999999992,0.14000000000000012,,,,,0.21,0.74,,0.55,,0.79
-0.17999999999999994,-0.8,-1.0799999999999998,-0.6799999999999999,0.42000000000000015,0.14000000000000012,-0.17999999999999994,0.28,-0.1399999999999999,0.16000000000000014,,,,,0.16,0.71,,0.52,,0.78
-0.15999999999999992,-0.78,-1.0599999999999998,-0.6599999999999999,0.44000000000000017,0.16000000000000014,-0.15999999999999992,0.30000000000000004,-0.11999999999999988,0.18000000000000016,,,,,0.12,0.68,,0.49,,0.77
-0.14000000000000012,-0.7600000000000002,-1.04,-0.6400000000000001,0.45999999999999996,0.17999999999999994,-0.14000000000000012,0.31999999999999984,-0.10000000000000009,0.19999999999999996,,,,,0.06,0.64,,0.45,,0.75
-0.1200000000000001,-0.7400000000000002,-1.02,-0.6200000000000001,0.48,0.19999999999999996,-0.1200000000000001,0.33999999999999986,-0.08000000000000007,0.21999999999999997,,,,,0.0,0.61,,0.42,,0.74
-0.10000000000000009,-0.7200000000000002,-1.0,-0.6000000000000001,0.5,0.21999999999999997,-0.10000000000000009,0.3599999999999999,-0.06000000000000005,0.24,,,,,,0.57,,0.39,,0.72
-0.08000000000000007,-0.7000000000000002,-0.98,-0.5800000000000001,0.52,0.24,-0.08000000000000007,0.3799999999999999,-0.040000000000000036,0.26,,,,,,0.53,,0.35,,0.71
-0.06000000000000005,-0.6800000000000002,-0.96,-0.56,0.54,0.26,-0.06000000000000005,0.3999999999999999,-0.020000000000000018,0.28,,,,,,0.49,,0.32,,0.69
-0.040000000000000036,-0.6600000000000001,-0.94,-0.54,0.56,0.28,-0.040000000000000036,0.41999999999999993,0.0,0.30000000000000004,,,,,,0.45,,0.28,0.85,0.67
-0.020000000000000018,-0.6400000000000001,-0.9199999999999999,-0.52,0.5800000000000001,0.30000000000000004,-0.020000000000000018,0.43999999999999995,0.020000000000000018,0.32000000000000006,,,,,,0.41,,0.25,0.83,0.66
0.0,-0.6200000000000001,-0.8999999999999999,-0.5,0.6000000000000001,0.32000000000000006,0.0,0.45999999999999996,0.040000000000000036,0.3400000000000001,0.86,,,,,0.37,0.91,0.21,0.82,0.64
0.020000000000000018,-0.6000000000000001,-0.8799999999999999,-0.48,0.6200000000000001,0.3400000000000001,0.020000000000000018,0.48,0.06000000000000005,0.3600000000000001,0.83,,,,,0.32,0.9,0.17,0.8,0.62
0.040000000000000036,-0.5800000000000001,-0.8599999999999999,-0.45999999999999996,0.6400000000000001,0.3600000000000001,0.040000000000000036,0.5,0.08000000000000007,0.3800000000000001,0.8,,,,,0.28,0.88,0.14,0.78,0.61
0.06000000000000005,-0.56,-0.8399999999999999,-0.43999999999999995,0.6600000000000001,0.3800000000000001,0.06000000000000005,0.52,0.10000000000000009,0.40000000000000013,0.76,,,,,0.23,0.86,0.12,0.76,0.59
0.08000000000000007,-0.54,-0.8199999999999998,-0.41999999999999993,0.6800000000000002,0.40000000000000013,0.08000000000000007,0.54,0.1200000000000001,0.42000000000000015,0.72,,,,,0.19,0.83,0.11,0.75,0.57
0.10000000000000009,-0.52,-0.7999999999999998,-0.3999999999999999,0.7000000000000002,0.42000000000000015,0.10000000000000009,0.56,0.14000000000000012,0.44000000000000017,0.69,,,,,0.14,0.81,0.1,0.73,0.56
0.1200000000000001,-0.5,-0.7799999999999998,-0.3799999999999999,0.7200000000000002,0.44000000000000017,0.1200000000000001,0.5800000000000001,0.16000000000000014,0.4600000000000002,0.65,,,,,0.12,0.79,,0.71,0.54
0.14000000000000012,-0.48,-0.7599999999999998,-0.3599999999999999,0.7400000000000002,0.4600000000000002,0.14000000000000012,0.6000000000000001,0.18000000000000016,0.4800000000000002,0.6,,,,,0.06,0.76,,0.69,0.52
0.16000000000000014,-0.45999999999999996,-0.7399999999999998,-0.33999999999999986,0.7600000000000002,0.4800000000000002,0.16000000000000014,0.6200000000000001,0.20000000000000018,0.5000000000000002,0.56,,,,,0.0,0.73,,0.67,0.5
0.18000000000000016,-0.43999999999999995,-0.7199999999999998,-0.31999999999999984,0.7800000000000002,0.5000000000000002,0.18000000000000016,0.6400000000000001,0.2200000000000002,0.5200000000000002,0.51,,,,,,0.7,,0.65,0.49
0.20000000000000018,-0.41999999999999993,-0.6999999999999997,-0.2999999999999998,0.8000000000000003,0.5200000000000002,0.20000000000000018,0.6600000000000001,0.2400000000000002,0.5400000000000003,0.47,,,,,,0.67,,0.62,0.47
0.2200000000000002,-0.3999999999999999,-0.6799999999999997,-0.2799999999999998,0.8200000000000003,0.5400000000000003,0.2200000000000002,0.6800000000000002,0.26000000000000023,0.5600000000000003,0.42,,,,,,0.64,,0.59,0.45
0.23999999999999977,-0.38000000000000034,-0.6600000000000001,-0.26000000000000023,0.8399999999999999,0.5599999999999998,0.23999999999999977,0.6999999999999997,0.2799999999999998,0.5799999999999998,0.37,,,,,,0.61,,0.57,0.43
0.2599999999999998,-0.3600000000000003,-0.6400000000000001,-0.2400000000000002,0.8599999999999999,0.5799999999999998,0.2599999999999998,0.7199999999999998,0.2999999999999998,0.5999999999999999,0.31,,,,,,0.57,,0.54,0.42
0.2799999999999998,-0.3400000000000003,-0.6200000000000001,-0.2200000000000002,0.8799999999999999,0.5999999999999999,0.2799999999999998,0.7399999999999998,0.31999999999999984,0.6199999999999999,0.26,,,,,,0.54,,0.52,0.4
0.2999999999999998,-0.3200000000000003,-0.6000000000000001,-0.20000000000000018,0.8999999999999999,-0.7,0.2999999999999998,0.7599999999999998,0.33999999999999986,0.6399999999999999,0.21,,,,,,0.51,,0.49,0.38
0.31999999999999984,-0.30000000000000027,-0.5800000000000001,-0.18000000000000016,0.9199999999999999,-0.7,0.31999999999999984,0.7799999999999998,0.3599999999999999,0.6599999999999999,0.15,,,,,,0.47,,0.47,0.36
0.33999999999999986,-0.28000000000000025,-0.56,-0.16000000000000014,0.94,-0.7,0.33999999999999986,0.7999999999999998,0.3799999999999999,0.6799999999999999,0.12,,,,,,0.43,,0.44,0.34
0.3599999999999999,-0.26000000000000023,-0.54,-0.14000000000000012,0.96,-0.7,0.3599999999999999,0.8199999999999998,0.3999999999999999,0.7,0.06,,,,,,0.4,,0.42,0.33
0.3799999999999999,-0.2400000000000002,-0.52,-0.1200000000000001,0.98,-0.7,0.3799999999999999,0.8399999999999999,0.41999999999999993,0.72,0.0,,,,,,0.36,,0.39,0.31
0.3999999999999999,-0.2200000000000002,-0.5,-0.10000000000000009,1.0,-0.7,0.3999999999999999,0.8599999999999999,0.43999999999999995,0.74,,,,,,,0.32,,0.37,0.29
0.41999999999999993,-0.20000000000000018,-0.48,-0.08000000000000007,1.02,-0.7,0.41999999999999993,0.8799999999999999,0.45999999999999996,0.76,,,,,,,0.28,,0.34,0.27
0.43999999999999995,-0.18000000000000016,-0.45999999999999996,-0.06000000000000005,1.04,-0.7,0.43999999999999995,0.8999999999999999,0.48,0.78,,,,,,,0.24,,0.32,0.25
0.45999999999999996,-0.16000000000000014,-0.43999999999999995,-0.040000000000000036,1.06,-0.7,0.45999999999999996,0.9199999999999999,0.5,0.8,,,,,,,0.2,,0.29,0.23
0.48,-0.14000000000000012,-0.41999999999999993,-0.020000000000000018,1.08,-0.7,0.48,-0.56,0.52,0.8200000000000001,,,,,,,0.16,,0.26,0.21
0.5,-0.1200000000000001,-0.3999999999999999,0.0,1.1,-0.7,0.5,-0.56,0.54,0.8400000000000001,,,,0.88,,,0.12,,0.24,0.19
0.52,-0.10000000000000009,-0.3799999999999999,0.020000000000000018,1.12,-0.7,0.52,-0.56,0.56,0.8600000000000001,,,,0.85,,,0.105,,0.21,0.17
0.54,-0.08000000000000007,-0.3599999999999999,0.040000000000000036,1.1400000000000001,-0.7,0.54,-0.56,0.5800000000000001,0.8800000000000001,,,,0.82,,,0.09,,0.18,0.16
0.56,-0.06000000000000005,-0.33999999999999986,0.06000000000000005,1.1600000000000001,-0.7,0.56,-0.56,0.6000000000000001,0.9000000000000001,,,,0.8,,,,,0.15,0.14
0.5800000000000001,-0.040000000000000036,-0.31999999999999984,0.08000000000000007,1.1800000000000002,-0.7,0.5800000000000001,-0.56,0.6200000000000001,0.9200000000000002,,,,0.77,,,,,0.13,0.13
0.6000000000000001,-0.020000000000000018,-0.2999999999999998,0.10000000000000009,1.2000000000000002,-0.7,0.6000000000000001,-0.56,0.6400000000000001,0.9400000000000002,,,,0.73,,,,,0.12,0.13
0.6200000000000001,0.0,-0.2799999999999998,0.1200000000000001,1.2200000000000002,-0.7,0.6200000000000001,-0.56,0.6600000000000001,0.9600000000000002,,0.88,,0.7,,,,,0.12,0.125
0.6400000000000001,0.020000000000000018,-0.2599999999999998,0.14000000000000012,1.2400000000000002,-0.7,0.6400000000000001,-0.56,0.6800000000000002,0.9800000000000002,,0.85,,0.66,,,,,0.11499999999999999,0.12
0.6600000000000001,0.040000000000000036,-0.23999999999999977,0.16000000000000014,1.2600000000000002,-0.7,0.6600000000000001,-0.56,0.7000000000000002,1.0000000000000002,,0.82,,0.63,,,,,0.11,
0.6800000000000002,0.06000000000000005,-0.21999999999999975,0.18000000000000016,1.2800000000000002,-0.7,0.6800000000000002,-0.56,0.7200000000000002,1.0200000000000002,,0.79,,0.59,,,,,,
0.7000000000000002,0.08000000000000007,-0.19999999999999973,0.20000000000000018,1.3000000000000003,-0.7,0.7000000000000002,-0.56,0.7400000000000002,1.0400000000000003,,0.75,,0.55,,,,,,
0.7200000000000002,0.10000000000000009,-0.17999999999999972,0.2200000000000002,1.3200000000000003,-0.7,0.7200000000000002,-0.56,0.7600000000000002,1.0600000000000003,,0.72,,0.5,,,,,,
0.7399999999999998,0.11999999999999966,-0.16000000000000014,0.23999999999999977,1.3399999999999999,-0.7,0.7399999999999998,-0.56,0.7799999999999998,1.0799999999999998,,0.68,,0.46,,,,,,
0.7599999999999998,0.13999999999999968,-0.14000000000000012,0.2599999999999998,1.3599999999999999,-0.7,0.7599999999999998,-0.56,0.7999999999999998,1.0999999999999999,,0.64,,0.41,,,,,,
0.7799999999999998,0.1599999999999997,-0.1200000000000001,0.2799999999999998,1.38,-0.7,0.7799999999999998,-0.56,0.8199999999999998,1.1199999999999999,,0.59,,0.37,,,,,,
0.7999999999999998,0.17999999999999972,-0.10000000000000009,0.2999999999999998,1.4,-0.7,-1.02,-0.56,0.8399999999999999,1.14,,0.55,,0.32,,,,,,
0.8199999999999998,0.19999999999999973,-0.08000000000000007,0.31999999999999984,1.42,-0.7,-1.02,-0.56,0.8599999999999999,1.16,,0.5,,0.27,,,,,,
0.8399999999999999,0.21999999999999975,-0.06000000000000005,0.33999999999999986,1.44,-0.7,-1.02,-0.56,0.8799999999999999,1.18,,0.45,,0.22,,,,,,
0.8599999999999999,0.23999999999999977,-0.040000000000000036,0.3599999999999999,1.46,-0.7,-1.02,-0.56,0.8999999999999999,1.2,,0.4,,0.17,,,,,,
0.8799999999999999,0.2599999999999998,-0.020000000000000018,0.3799999999999999,1.48,-0.7,-1.02,-0.56,0.9199999999999999,1.22,,0.35,,0.12,,,,,,
0.8999999999999999,0.2799999999999998,0.0,0.3999999999999999,1.5,-0.7,-1.02,-0.56,0.94,1.24,,0.3,0.86,0.105,,,,,,
0.9199999999999999,0.2999999999999998,0.020000000000000018,0.41999999999999993,1.52,-0.7,-1.02,-0.56,-0.98,1.26,,0.24,0.83,0.09,,,,,,
0.94,0.31999999999999984,0.040000000000000036,0.43999999999999995,1.54,-0.7,-1.02,-0.56,-0.98,1.28,,0.19,0.8049999999999999,,,,,,,
0.96,0.33999999999999986,0.06000000000000005,0.45999999999999996,1.56,-0.7,-1.02,-0.56,-0.98,1.3,,0.13,0.78,,,,,,,
0.98,0.3599999999999999,0.08000000000000007,0.48,1.58,-0.7,-1.02,-0.56,-0.98,1.32,,0.065,0.76,,,,,,,
1.0,0.3799999999999999,0.10000000000000009,0.5,1.6,-0.7,-1.02,-0.56,-0.98,1.34,,0.0,0.71,,,,,,,
1.02,0.3999999999999999,0.1200000000000001,0.52,1.62,-0.7,-1.02,-0.56,-0.98,1.36,,,0.67,,,,,,,
1.04,0.41999999999999993,0.14000000000000012,0.54,1.6400000000000001,-0.7,-1.02,-0.56,-0.98,1.3800000000000001,,,0.63,,,,,,,
1.06,0.43999999999999995,0.16000000000000014,0.56,1.6600000000000001,-0.7,-1.02,-0.56,-0.98,1.4000000000000001,,,0.59,,,,,,,
1.08,0.45999999999999996,0.18000000000000016,0.5800000000000001,1.6800000000000002,-0.7,-1.02,-0.56,-0.98,1.4200000000000002,,,0.55,,,,,,,
1.1,0.48,0.20000000000000018,0.6000000000000001,1.7000000000000002,-0.7,-1.02,-0.56,-0.98,1.4400000000000002,,,0.5,,,,,,,
1.12,0.5,0.2200000000000002,0.6200000000000001,1.7200000000000002,-0.7,-1.02,-0.56,-0.98,1.4600000000000002,,,0.46,,,,,,,
1.1400000000000001,0.52,0.2400000000000002,0.6400000000000001,1.7400000000000002,-0.7,-1.02,-0.56,-0.98,1.4800000000000002,,,0.41,,,,,,,
1.1600000000000001,0.54,0.26000000000000023,0.6600000000000001,1.7600000000000002,-0.7,-1.02,-0.56,-0.98,1.5000000000000002,,,0.36,,,,,,,
1.1800000000000002,0.56,0.28000000000000025,0.6800000000000002,-0.41999999999999993,-0.7,-1.02,-0.56,-0.98,1.5200000000000002,,,0.31,,,,,,,
1.2000000000000002,0.5800000000000001,0.30000000000000027,0.7000000000000002,-0.41999999999999993,-0.7,-1.02,-0.56,-0.98,1.5400000000000003,,,0.26,,,,,,,
1.2200000000000002,0.6000000000000001,0.3200000000000003,0.7200000000000002,-0.41999999999999993,-0.7,-1.02,-0.56,-0.98,1.5600000000000003,,,0.21,,,,,,,
1.2399999999999998,0.6199999999999997,0.33999999999999986,0.7399999999999998,-0.41999999999999993,-0.7,-1.02,-0.56,-0.98,1.5799999999999998,,,0.16,,,,,,,
1.2599999999999998,0.6399999999999997,0.3599999999999999,0.7599999999999998,-0.41999999999999993,-0.7,-1.02,-0.56,-0.98,1.5999999999999999,,,0.09,,,,,,,
1.2799999999999998,0.6599999999999997,0.3799999999999999,0.7799999999999998,-0.41999999999999993,-0.7,-1.02,-0.56,-0.98,1.6199999999999999,,,0.045,,,,,,,
1.2999999999999998,0.6799999999999997,0.3999999999999999,0.7999999999999998,-0.41999999999999993,-0.7,-1.02,-0.56,-0.98,1.64,,,0.0,,,,,,,
1.3199999999999998,0.6999999999999997,0.41999999999999993,0.8199999999999998,-0.41999999999999993,-0.7,-1.02,-0.56,-0.98,1.66,,,,,,,,,,
1.3399999999999999,0.7199999999999998,0.43999999999999995,0.8399999999999999,-0.41999999999999993,-0.7,-1.02,-0.56,-0.98,1.68,,,,,,,,,,
1.3599999999999999,0.7399999999999998,0.45999999999999996,0.8599999999999999,-0.41999999999999993,-0.7,-1.02,-0.56,-0.98,1.7,,,,,,,,,,
1.38,0.7599999999999998,0.48,0.8799999999999999,-0.41999999999999993,-0.7,-1.02,-0.56,-0.98,1.72,,,,,,,,,,
1.4,0.7799999999999998,0.5,0.8999999999999999,-0.41999999999999993,-0.7,-1.02,-0.56,-0.98,1.74,,,,,,,,,,
1.42,0.7999999999999998,0.52,0.9199999999999999,-0.41999999999999993,-0.7,-1.02,-0.56,-0.98,1.76,,,,,,,,,,
1.44,0.8199999999999998,0.54,0.94,-0.41999999999999993,-0.7,-1.02,-0.56,-0.98,1.78,,,,,,,,,,
1.46,0.8399999999999999,0.56,0.96,-0.41999999999999993,-0.7,-1.02,-0.56,-0.98,-0.6799999999999999,,,,,,,,,,
1.48,0.8599999999999999,0.5800000000000001,0.98,-0.41999999999999993,-0.7,-1.02,-0.56,-0.98,-0.6799999999999999,,,,,,,,,,
1.5,0.8799999999999999,0.6000000000000001,1.0,-0.41999999999999993,-0.7,-1.02,-0.56,-0.98,-0.6799999999999999,,,,,,,,,,
1.52,0.8999999999999999,0.6200000000000001,1.02,-0.41999999999999993,-0.7,-1.02,-0.56,-0.98,-0.6799999999999999,,,,,,,,,,
1.54,0.9199999999999999,0.6400000000000001,1.04,-0.41999999999999993,-0.7,-1.02,-0.56,-0.98,-0.6799999999999999,,,,,,,,,,
1.56,0.94,0.6600000000000001,1.06,-0.41999999999999993,-0.7,-1.02,-0.56,-0.98,-0.6799999999999999,,,,,,,,,,
1.58,0.96,0.6800000000000002,1.08,-0.41999999999999993,-0.7,-1.02,-0.56,-0.98,-0.6799999999999999,,,,,,,,,,
1.6,0.98,0.7000000000000002,1.1,-0.41999999999999993,-0.7,-1.02,-0.56,-0.98,-0.6799999999999999,,,,,,,,,,
1.62,1.0,0.7200000000000002,1.12,-0.41999999999999993,-0.7,-1.02,-0.56,-0.98,-0.6799999999999999,,,,,,,,,,
1.6400000000000001,1.02,0.7400000000000002,1.1400000000000001,-0.41999999999999993,-0.7,-1.02,-0.56,-0.98,-0.6799999999999999,,,,,,,,,,
1.6600000000000001,1.04,0.7600000000000002,1.1600000000000001,-0.41999999999999993,-0.7,-1.02,-0.56,-0.98,-0.6799999999999999,,,,,,,,,,
1.6800000000000002,1.06,0.7800000000000002,1.1800000000000002,-0.41999999999999993,-0.7,-1.02,-0.56,-0.98,-0.6799999999999999,,,,,,,,,,
1.7000000000000002,1.08,0.8000000000000003,1.2000000000000002,-0.41999999999999993,-0.7,-1.02,-0.56,-0.98,-0.6799999999999999,,,,,,,,,,
1.7200000000000002,1.1,0.8200000000000003,1.2200000000000002,-0.41999999999999993,-0.7,-1.02,-0.56,-0.98,-0.6799999999999999,,,,,,,,,,
1.7399999999999998,1.1199999999999997,0.8399999999999999,1.2399999999999998,-0.41999999999999993,-0.7,-1.02,-0.56,-0.98,-0.6799999999999999,,,,,,,,,,
1.7599999999999998,1.1399999999999997,0.8599999999999999,1.2599999999999998,-0.41999999999999993,-0.7,-1.02,-0.56,-0.98,-0.6799999999999999,,,,,,,,,,
1.7799999999999998,1.1599999999999997,0.8799999999999999,1.2799999999999998,-0.41999999999999993,-0.7,-1.02,-0.56,-0.98,-0.6799999999999999,,,,,,,,,,
1.7999999999999998,1.1799999999999997,0.8999999999999999,1.2999999999999998,-0.41999999999999993,-0.7,-1.02,-0.56,-0.98,-0.6799999999999999,,,,,,,,,,
1.8199999999999998,1.1999999999999997,0.9199999999999999,1.3199999999999998,-0.41999999999999993,-0.7,-1.02,-0.56,-0.98,-0.6799999999999999,,,,,,,,,,
1.8399999999999999,1.2199999999999998,0.94,1.3399999999999999,-0.41999999999999993,-0.7,-1.02,-0.56,-0.98,-0.6799999999999999,,,,,,,,,,
1.8599999999999999,1.2399999999999998,0.96,1.3599999999999999,-0.41999999999999993,-0.7,-1.02,-0.56,-0.98,-0.6799999999999999,,,,,,,,,,
1.88,1.2599999999999998,0.98,1.38,-0.41999999999999993,-0.7,-1.02,-0.56,-0.98,-0.6799999999999999,,,,,,,,,,
1.9,1.2799999999999998,1.0,1.4,-0.41999999999999993,-0.7,-1.02,-0.56,-0.98,-0.6799999999999999,,,,,,,,,,
1.92,1.2999999999999998,1.02,1.42,-0.41999999999999993,-0.7,-1.02,-0.56,-0.98,-0.6799999999999999,,,,,,,,,,
1.94,1.3199999999999998,1.04,1.44,-0.41999999999999993,-0.7,-1.02,-0.56,-0.98,-0.6799999999999999,,,,,,,,,,
1.96,1.3399999999999999,1.06,1.46,-0.41999999999999993,-0.7,-1.02,-0.56,-0.98,-0.6799999999999999,,,,,,,,,,
1.98,1.3599999999999999,1.08,1.48,-0.41999999999999993,-0.7,-1.02,-0.56,-0.98,-0.6799999999999999,,,,,,,,,,
1.9999999999999996,1.3799999999999994,1.0999999999999996,1.4999999999999996,-0.41999999999999993,-0.7,-1.02,-0.56,-0.98,-0.6799999999999999,,,,,,,,,,
2.02,1.4,1.12,1.52,-0.41999999999999993,-0.7,-1.02,-0.56,-0.98,-0.6799999999999999,,,,,,,,,,
2.0399999999999996,1.4199999999999995,1.1399999999999997,1.5399999999999996,-0.41999999999999993,-0.7,-1.02,-0.56,-0.98,-0.6799999999999999,,,,,,,,,,
2.06,1.44,1.1600000000000001,1.56,-0.41999999999999993,-0.7,-1.02,-0.56,-0.98,-0.6799999999999999,,,,,,,,,,
2.0799999999999996,1.4599999999999995,1.1799999999999997,1.5799999999999996,-0.41999999999999993,-0.7,-1.02,-0.56,-0.98,-0.6799999999999999,,,,,,,,,,
2.1,1.48,1.2000000000000002,1.6,-0.41999999999999993,-0.7,-1.02,-0.56,-0.98,-0.6799999999999999,,,,,,,,,,
2.1199999999999997,1.4999999999999996,1.2199999999999998,1.6199999999999997,-0.41999999999999993,-0.7,-1.02,-0.56,-0.98,-0.6799999999999999,,,,,,,,,,
2.14,1.52,1.2400000000000002,1.6400000000000001,-0.41999999999999993,-0.7,-1.02,-0.56,-0.98,-0.6799999999999999,,,,,,,,,,
2.1599999999999997,1.5399999999999996,1.2599999999999998,1.6599999999999997,-0.41999999999999993,-0.7,-1.02,-0.56,-0.98,-0.6799999999999999,,,,,,,,,,
2.18,1.56,1.2800000000000002,1.6800000000000002,-0.41999999999999993,-0.7,-1.02,-0.56,-0.98,-0.6799999999999999,,,,,,,,,,
2.1999999999999997,1.5799999999999996,1.2999999999999998,1.6999999999999997,-0.41999999999999993,-0.7,-1.02,-0.56,-0.98,-0.6799999999999999,,,,,,,,,,
2.22,1.6,1.3200000000000003,1.7200000000000002,-0.41999999999999993,-0.7,-1.02,-0.56,-0.98,-0.6799999999999999,,,,,,,,,,
2.2399999999999998,1.6199999999999997,1.3399999999999999,1.7399999999999998,-0.41999999999999993,-0.7,-1.02,-0.56,-0.98,-0.6799999999999999,,,,,,,,,,
2.2600000000000002,1.6400000000000001,1.3600000000000003,1.7600000000000002,-0.41999999999999993,-0.7,-1.02,-0.56,-0.98,-0.6799999999999999,,,,,,,,,,
2.28,1.6599999999999997,1.38,1.7799999999999998,-0.41999999999999993,-0.7,-1.02,-0.56,-0.98,-0.6799999999999999,,,,,,,,,,
2.3000000000000003,1.6800000000000002,1.4000000000000004,1.8000000000000003,-0.41999999999999993,-0.7,-1.02,-0.56,-0.98,-0.6799999999999999,,,,,,,,,,
2.32,1.6999999999999997,1.42,1.8199999999999998,-0.41999999999999993,-0.7,-1.02,-0.56,-0.98,-0.6799999999999999,,,,,,,,,,
2.3400000000000003,1.7200000000000002,1.4400000000000004,1.8400000000000003,-0.41999999999999993,-0.7,-1.02,-0.56,-0.98,-0.6799999999999999,,,,,,,,,,
2.36,1.7399999999999998,1.46,1.8599999999999999,-0.41999999999999993,-0.7,-1.02,-0.56,-0.98,-0.6799999999999999,,,,,,,,,,
2.3800000000000003,1.7600000000000002,1.4800000000000004,1.8800000000000003,-0.41999999999999993,-0.7,-1.02,-0.56,-0.98,-0.6799999999999999,,,,,,,,,,
2.4,1.7799999999999998,1.5,1.9,-0.41999999999999993,-0.7,-1.02,-0.56,-0.98,-0.6799999999999999,,,,,,,,,,
2.4200000000000004,1.8000000000000003,1.5200000000000005,1.9200000000000004,-0.41999999999999993,-0.7,-1.02,-0.56,-0.98,-0.6799999999999999,,,,,,,,,,
2.44,1.8199999999999998,1.54,1.94,-0.41999999999999993,-0.7,-1.02,-0.56,-0.98,-0.6799999999999999,,,,,,,,,,
2.4600000000000004,1.8400000000000003,1.5600000000000005,1.9600000000000004,-0.41999999999999993,-0.7,-1.02,-0.56,-0.98,-0.6799999999999999,,,,,,,,,,
2.48,1.8599999999999999,1.58,1.98,-0.41999999999999993,-0.7,-1.02,-0.56,-0.98,-0.6799999999999999,,,,,,,,,,
2.4999999999999996,1.8799999999999994,1.5999999999999996,1.9999999999999996,-0.41999999999999993,-0.7,-1.02,-0.56,-0.98,-0.6799999999999999,,,,,,,,,,
2.52,1.9,1.62,2.02,-0.41999999999999993,-0.7,-1.02,-0.56,-0.98,-0.6799999999999999,,,,,,,,,,
2.5399999999999996,1.9199999999999995,1.6399999999999997,2.0399999999999996,-0.41999999999999993,-0.7,-1.02,-0.56,-0.98,-0.6799999999999999,,,,,,,,,,
2.56,1.94,1.6600000000000001,2.06,-0.41999999999999993,-0.7,-1.02,-0.56,-0.98,-0.6799999999999999,,,,,,,,,,
2.5799999999999996,1.9599999999999995,1.6799999999999997,2.0799999999999996,-0.41999999999999993,-0.7,-1.02,-0.56,-0.98,-0.6799999999999999,,,,,,,,,,
2.6,1.98,1.7000000000000002,2.1,-0.41999999999999993,-0.7,-1.02,-0.56,-0.98,-0.6799999999999999,,,,,,,,,,
2.6199999999999997,1.9999999999999996,1.7199999999999998,2.1199999999999997,-0.41999999999999993,-0.7,-1.02,-0.56,-0.98,-0.6799999999999999,,,,,,,,,,
2.64,2.02,1.7400000000000002,2.14,-0.41999999999999993,-0.7,-1.02,-0.56,-0.98,-0.6799999999999999,,,,,,,,,,
2.6599999999999997,2.0399999999999996,1.7599999999999998,2.1599999999999997,-0.41999999999999993,-0.7,-1.02,-0.56,-0.98,-0.6799999999999999,,,,,,,,,,
2.68,2.06,1.7800000000000002,2.18,-0.41999999999999993,-0.7,-1.02,-0.56,-0.98,-0.6799999999999999,,,,,,,,,,
2.6999999999999997,2.0799999999999996,1.7999999999999998,2.1999999999999997,-0.41999999999999993,-0.7,-1.02,-0.56,-0.98,-0.6799999999999999,,,,,,,,,,
2.72,2.1,1.8200000000000003,2.22,-0.41999999999999993,-0.7,-1.02,-0.56,-0.98,-0.6799999999999999,,,,,,,,,,
2.7399999999999998,2.1199999999999997,1.8399999999999999,2.2399999999999998,-0.41999999999999993,-0.7,-1.02,-0.56,-0.98,-0.6799999999999999,,,,,,,,,,
2.7600000000000002,2.14,1.8600000000000003,2.2600000000000002,-0.41999999999999993,-0.7,-1.02,-0.56,-0.98,-0.6799999999999999,,,,,,,,,,
2.78,2.1599999999999997,1.88,2.28,-0.41999999999999993,-0.7,-1.02,-0.56,-0.98,-0.6799999999999999,,,,,,,,,,
2.8000000000000003,2.18,1.9000000000000004,2.3000000000000003,-0.41999999999999993,-0.7,-1.02,-0.56,-0.98,-0.6799999999999999,,,,,,,,,,
2.82,2.1999999999999997,1.92,2.32,-0.41999999999999993,-0.7,-1.02,-0.56,-0.98,-0.6799999999999999,,,,,,,,,,
2.8400000000000003,2.22,1.9400000000000004,2.3400000000000003,-0.41999999999999993,-0.7,-1.02,-0.56,-0.98,-0.6799999999999999,,,,,,,,,,
2.86,2.2399999999999998,1.96,2.36,-0.41999999999999993,-0.7,-1.02,-0.56,-0.98,-0.6799999999999999,,,,,,,,,,
2.8800000000000003,2.2600000000000002,1.9800000000000004,2.3800000000000003,-0.41999999999999993,-0.7,-1.02,-0.56,-0.98,-0.6799999999999999,,,,,,,,,,
2.9,2.28,2.0,2.4,-0.41999999999999993,-0.7,-1.02,-0.56,-0.98,-0.6799999999999999,,,,,,,,,,
2.9200000000000004,2.3000000000000003,2.0200000000000005,2.4200000000000004,-0.41999999999999993,-0.7,-1.02,-0.56,-0.98,-0.6799999999999999,,,,,,,,,,
2.94,2.32,2.04,2.44,-0.41999999999999993,-0.7,-1.02,-0.56,-0.98,-0.6799999999999999,,,,,,,,,,
2.9600000000000004,2.3400000000000003,2.0600000000000005,2.4600000000000004,-0.41999999999999993,-0.7,-1.02,-0.56,-0.98,-0.6799999999999999,,,,,,,,,,
2.98,2.36,2.08,2.48,-0.41999999999999993,-0.7,-1.02,-0.56,-0.98,-0.6799999999999999,,,,,,,,,,
2.9999999999999996,2.3799999999999994,2.0999999999999996,2.4999999999999996,-0.41999999999999993,-0.7,-1.02,-0.56,-0.98,-0.6799999999999999,,,,,,,,,,
3.02,2.4,2.12,2.52,-0.41999999999999993,-0.7,-1.02,-0.56,-0.98,-0.6799999999999999,,,,,,,,,,
3.0399999999999996,2.4199999999999995,2.1399999999999997,2.5399999999999996,-0.41999999999999993,-0.7,-1.02,-0.56,-0.98,-0.6799999999999999,,,,,,,,,,
3.06,2.44,2.16,2.56,-0.41999999999999993,-0.7,-1.02,-0.56,-0.98,-0.6799999999999999,,,,,,,,,,
3.0799999999999996,2.4599999999999995,2.1799999999999997,-1.52,-0.41999999999999993,-0.7,-1.02,-0.56,-0.98,-0.6799999999999999,,,,,,,,,,
3.1,2.48,2.2,-1.52,-0.41999999999999993,-0.7,-1.02,-0.56,-0.98,-0.6799999999999999,,,,,,,,,,
3.1199999999999997,2.4999999999999996,2.2199999999999998,-1.52,-0.41999999999999993,-0.7,-1.02,-0.56,-0.98,-0.6799999999999999,,,,,,,,,,
3.14,2.52,2.24,-1.52,-0.41999999999999993,-0.7,-1.02,-0.56,-0.98,-0.6799999999999999,,,,,,,,,,
3.1599999999999997,2.5399999999999996,2.26,-1.52,-0.41999999999999993,-0.7,-1.02,-0.56,-0.98,-0.6799999999999999,,,,,,,,,,
3.18,2.56,2.2800000000000002,-1.52,-0.41999999999999993,-0.7,-1.02,-0.56,-0.98,-0.6799999999999999,,,,,,,,,,
3.1999999999999997,2.5799999999999996,2.3,-1.52,-0.41999999999999993,-0.7,-1.02,-0.56,-0.98,-0.6799999999999999,,,,,,,,,,
3.22,2.6,2.3200000000000003,-1.52,-0.41999999999999993,-0.7,-1.02,-0.56,-0.98,-0.6799999999999999,,,,,,,,,,
3.2399999999999998,2.6199999999999997,2.34,-1.52,-0.41999999999999993,-0.7,-1.02,-0.56,-0.98,-0.6799999999999999,,,,,,,,,,
3.2600000000000002,2.64,2.3600000000000003,-1.52,-0.41999999999999993,-0.7,-1.02,-0.56,-0.98,-0.6799999999999999,,,,,,,,,,
3.28,2.6599999999999997,2.38,-1.52,-0.41999999999999993,-0.7,-1.02,-0.56,-0.98,-0.6799999999999999,,,,,,,,,,
3.3000000000000003,2.68,2.4000000000000004,-1.52,-0.41999999999999993,-0.7,-1.02,-0.56,-0.98,-0.6799999999999999,,,,,,,,,,
-1.02,2.6999999999999997,2.42,-1.52,-0.41999999999999993,-0.7,-1.02,-0.56,-0.98,-0.6799999999999999,,,,,,,,,,
-1.02,2.72,2.4400000000000004,-1.52,-0.41999999999999993,-0.7,-1.02,-0.56,-0.98,-0.6799999999999999,,,,,,,,,,
-1.02,2.7399999999999998,2.46,-1.52,-0.41999999999999993,-0.7,-1.02,-0.56,-0.98,-0.6799999999999999,,,,,,,,,,
-1.02,2.7600000000000002,2.4800000000000004,-1.52,-0.41999999999999993,-0.7,-1.02,-0.56,-0.98,-0.6799999999999999,,,,,,,,,,
-1.02,2.78,2.5,-1.52,-0.41999999999999993,-0.7,-1.02,-0.56,-0.98,-0.6799999999999999,,,,,,,,,,
-1.02,2.8000000000000003,2.5200000000000005,-1.52,-0.41999999999999993,-0.7,-1.02,-0.56,-0.98,-0.6799999999999999,,,,,,,,,,
-1.02,2.82,2.54,-1.52,-0.41999999999999993,-0.7,-1.02,-0.56,-0.98,-0.6799999999999999,,,,,,,,,,
-1.02,2.8400000000000003,2.5600000000000005,-1.52,-0.41999999999999993,-0.7,-1.02,-0.56,-0.98,-0.6799999999999999,,,,,,,,,,
-1.02,2.86,2.58,-1.52,-0.41999999999999993,-0.7,-1.02,-0.56,-0.98,-0.6799999999999999,,,,,,,,,,
-1.02,2.8799999999999994,2.5999999999999996,-1.52,-0.41999999999999993,-0.7,-1.02,-0.56,-0.98,-0.6799999999999999,,,,,,,,,,
-1.02,2.9,2.62,-1.52,-0.41999999999999993,-0.7,-1.02,-0.56,-0.98,-0.6799999999999999,,,,,,,,,,
-1.02,2.9199999999999995,2.6399999999999997,-1.52,-0.41999999999999993,-0.7,-1.02,-0.56,-0.98,-0.6799999999999999,,,,,,,,,,
-1.02,2.94,2.66,-1.52,-0.41999999999999993,-0.7,-1.02,-0.56,-0.98,-0.6799999999999999,,,,,,,,,,
-1.02,2.9599999999999995,2.6799999999999997,-1.52,-0.41999999999999993,-0.7,-1.02,-0.56,-0.98,-0.6799999999999999,,,,,,,,,,
-1.02,2.98,2.7,-1.52,-0.41999999999999993,-0.7,-1.02,-0.56,-0.98,-0.6799999999999999,,,,,,,,,,
-1.02,2.9999999999999996,2.7199999999999998,-1.52,-0.41999999999999993,-0.7,-1.02,-0.56,-0.98,-0.6799999999999999,,,,,,,,,,
-1.02,3.02,2.74,-1.52,-0.41999999999999993,-0.7,-1.02,-0.56,-0.98,-0.6799999999999999,,,,,,,,,,
-1.02,3.0399999999999996,2.76,-1.52,-0.41999999999999993,-0.7,-1.02,-0.56,-0.98,-0.6799999999999999,,,,,,,,,,
-1.02,3.06,2.7800000000000002,-1.52,-0.41999999999999993,-0.7,-1.02,-0.56,-0.98,-0.6799999999999999,,,,,,,,,,
-1.02,3.0799999999999996,2.8,-1.52,-0.41999999999999993,-0.7,-1.02,-0.56,-0.98,-0.6799999999999999,,,,,,,,,,
-1.02,3.1,2.8200000000000003,-1.52,-0.41999999999999993,-0.7,-1.02,-0.56,-0.98,-0.6799999999999999,,,,,,,,,,
-1.02,3.1199999999999997,2.84,-1.52,-0.41999999999999993,-0.7,-1.02,-0.56,-0.98,-0.6799999999999999,,,,,,,,,,
-1.02,3.14,-1.92,-1.52,-0.41999999999999993,-0.7,-1.02,-0.56,-0.98,-0.6799999999999999,,,,,,,,,,
-1.02,3.1599999999999997,-1.92,-1.52,-0.41999999999999993,-0.7,-1.02,-0.56,-0.98,-0.6799999999999999,,,,,,,,,,
-1.02,3.18,-1.92,-1.52,-0.41999999999999993,-0.7,-1.02,-0.56,-0.98,-0.6799999999999999,,,,,,,,,,
-1.02,3.1999999999999997,-1.92,-1.52,-0.41999999999999993,-0.7,-1.02,-0.56,-0.98,-0.6799999999999999,,,,,,,,,,
-1.02,3.22,-1.92,-1.52,-0.41999999999999993,-0.7,-1.02,-0.56,-0.98,-0.6799999999999999,,,,,,,,,,
-1.02,3.2399999999999998,-1.92,-1.52,-0.41999999999999993,-0.7,-1.02,-0.56,-0.98,-0.6799999999999999,,,,,,,,,,
-1.02,3.2600000000000002,-1.92,-1.52,-0.41999999999999993,-0.7,-1.02,-0.56,-0.98,-0.6799999999999999,,,,,,,,,,
-1.02,3.28,-1.92,-1.52,-0.41999999999999993,-0.7,-1.02,-0.56,-0.98,-0.6799999999999999,,,,,,,,,,
-1.02,3.3000000000000003,-1.92,-1.52,-0.41999999999999993,-0.7,-1.02,-0.56,-0.98,-0.6799999999999999,,,,,,,,,,
-1.02,3.32,-1.92,-1.52,-0.41999999999999993,-0.7,-1.02,-0.56,-0.98,-0.6799999999999999,,,,,,,,,,
-1.02,3.3400000000000003,-1.92,-1.52,-0.41999999999999993,-0.7,-1.02,-0.56,-0.98,-0.6799999999999999,,,,,,,,,,
-1.02,3.36,-1.92,-1.52,-0.41999999999999993,-0.7,-1.02,-0.56,-0.98,-0.6799999999999999,,,,,,,,,,
-1.02,3.3799999999999994,-1.92,-1.52,-0.41999999999999993,-0.7,-1.02,-0.56,-0.98,-0.6799999999999999,,,,,,,,,,
-1.02,3.4,-1.92,-1.52,-0.41999999999999993,-0.7,-1.02,-0.56,-0.98,-0.6799999999999999,,,,,,,,,,
-1.02,3.4199999999999995,-1.92,-1.52,-0.41999999999999993,-0.7,-1.02,-0.56,-0.98,-0.6799999999999999,,,,,,,,,,
-1.02,3.44,-1.92,-1.52,-0.41999999999999993,-0.7,-1.02,-0.56,-0.98,-0.6799999999999999,,,,,,,,,,
-1.02,3.4599999999999995,-1.92,-1.52,-0.41999999999999993,-0.7,-1.02,-0.56,-0.98,-0.6799999999999999,,,,,,,,,,
-1.02,3.48,-1.92,-1.52,-0.41999999999999993,-0.7,-1.02,-0.56,-0.98,-0.6799999999999999,,,,,,,,,,
-1.02,3.4999999999999996,-1.92,-1.52,-0.41999999999999993,-0.7,-1.02,-0.56,-0.98,-0.6799999999999999,,,,,,,,,,
-1.02,3.52,-1.92,-1.52,-0.41999999999999993,-0.7,-1.02,-0.56,-0.98,-0.6799999999999999,,,,,,,,,,
-1.02,3.5399999999999996,-1.92,-1.52,-0.41999999999999993,-0.7,-1.02,-0.56,-0.98,-0.6799999999999999,,,,,,,,,,
-1.02,3.56,-1.92,-1.52,-0.41999999999999993,-0.7,-1.02,-0.56,-0.98,-0.6799999999999999,,,,,,,,,,
-1.02,3.5799999999999996,-1.92,-1.52,-0.41999999999999993,-0.7,-1.02,-0.56,-0.98,-0.6799999999999999,,,,,,,,,,
-1.02,3.6,-1.92,-1.52,-0.41999999999999993,-0.7,-1.02,-0.56,-0.98,-0.6799999999999999,,,,,,,,,,
-1.02,3.6199999999999997,-1.92,-1.52,-0.41999999999999993,-0.7,-1.02,-0.56,-0.98,-0.6799999999999999,,,,,,,,,,
-1.02,3.64,-1.92,-1.52,-0.41999999999999993,-0.7,-1.02,-0.56,-0.98,-0.6799999999999999,,,,,,,,,,
-1.02,3.6599999999999997,-1.92,-1.52,-0.41999999999999993,-0.7,-1.02,-0.56,-0.98,-0.6799999999999999,,,,,,,,,,
-1.02,3.68,-1.92,-1.52,-0.41999999999999993,-0.7,-1.02,-0.56,-0.98,-0.6799999999999999,,,,,,,,,,
-1.02,3.6999999999999997,-1.92,-1.52,-0.41999999999999993,-0.7,-1.02,-0.56,-0.98,-0.6799999999999999,,,,,,,,,,
-1.02,3.72,-1.92,-1.52,-0.41999999999999993,-0.7,-1.02,-0.56,-0.98,-0.6799999999999999,,,,,,,,,,
-1.02,3.7399999999999998,-1.92,-1.52,-0.41999999999999993,-0.7,-1.02,-0.56,-0.98,-0.6799999999999999,,,,,,,,,,
-1.02,3.7600000000000002,-1.92,-1.52,-0.41999999999999993,-0.7,-1.02,-0.56,-0.98,-0.6799999999999999,,,,,,,,,,
-1.02,3.78,-1.92,-1.52,-0.41999999999999993,-0.7,-1.02,-0.56,-0.98,-0.6799999999999999,,,,,,,,,,
-1.02,3.8000000000000003,-1.92,-1.52,-0.41999999999999993,-0.7,-1.02,-0.56,-0.98,-0.6799999999999999,,,,,,,,,,
-1.02,3.82,-1.92,-1.52,-0.41999999999999993,-0.7,-1.02,-0.56,-0.98,-0.6799999999999999,,,,,,,,,,
-1.02,3.8400000000000003,-1.92,-1.52,-0.41999999999999993,-0.7,-1.02,-0.56,-0.98,-0.6799999999999999,,,,,,,,,,
-1.02,3.86,-1.92,-1.52,-0.41999999999999993,-0.7,-1.02,-0.56,-0.98,-0.6799999999999999,,,,,,,,,,
-1.02,3.8799999999999994,-1.92,-1.52,-0.41999999999999993,-0.7,-1.02,-0.56,-0.98,-0.6799999999999999,,,,,,,,,,
-1.02,3.9,-1.92,-1.52,-0.41999999999999993,-0.7,-1.02,-0.56,-0.98,-0.6799999999999999,,,,,,,,,,
-1.02,3.9199999999999995,-1.92,-1.52,-0.41999999999999993,-0.7,-1.02,-0.56,-0.98,-0.6799999999999999,,,,,,,,,,
-1.02,3.94,-1.92,-1.52,-0.41999999999999993,-0.7,-1.02,-0.56,-0.98,-0.6799999999999999,,,,,,,,,,
-1.02,3.9599999999999995,-1.92,-1.52,-0.41999999999999993,-0.7,-1.02,-0.56,-0.98,-0.6799999999999999,,,,,,,,,,
-1.02,3.98,-1.92,-1.52,-0.41999999999999993,-0.7,-1.02,-0.56,-0.98,-0.6799999999999999,,,,,,,,,,
-1.02,3.9999999999999996,-1.92,-1.52,-0.41999999999999993,-0.7,-1.02,-0.56,-0.98,-0.6799999999999999,,,,,,,,,,
-1.02,4.02,-1.92,-1.52,-0.41999999999999993,-0.7,-1.02,-0.56,-0.98,-0.6799999999999999,,,,,,,,,,
-1.02,4.039999999999999,-1.92,-1.52,-0.41999999999999993,-0.7,-1.02,-0.56,-0.98,-0.6799999999999999,,,,,,,,,,
-1.02,4.0600000000000005,-1.92,-1.52,-0.41999999999999993,-0.7,-1.02,-0.56,-0.98,-0.6799999999999999,,,,,,,,,,
-1.02,4.08,-1.92,-1.52,-0.41999999999999993,-0.7,-1.02,-0.56,-0.98,-0.6799999999999999,,,,,,,,,,
-1.02,4.1,-1.92,-1.52,-0.41999999999999993,-0.7,-1.02,-0.56,-0.98,-0.6799999999999999,,,,,,,,,,
-1.02,4.119999999999999,-1.92,-1.52,-0.41999999999999993,-0.7,-1.02,-0.56,-0.98,-0.6799999999999999,,,,,,,,,,
-1.02,4.140000000000001,-1.92,-1.52,-0.41999999999999993,-0.7,-1.02,-0.56,-0.98,-0.6799999999999999,,,,,,,,,,
-1.02,4.16,-1.92,-1.52,-0.41999999999999993,-0.7,-1.02,-0.56,-0.98,-0.6799999999999999,,,,,,,,,,
-1.02,4.18,-1.92,-1.52,-0.41999999999999993,-0.7,-1.02,-0.56,-0.98,-0.6799999999999999,,,,,,,,,,
-1.02,4.199999999999999,-1.92,-1.52,-0.41999999999999993,-0.7,-1.02,-0.56,-0.98,-0.6799999999999999,,,,,,,,,,
-1.02,4.220000000000001,-1.92,-1.52,-0.41999999999999993,-0.7,-1.02,-0.56,-0.98,-0.6799999999999999,,,,,,,,,,
-1.02,4.24,-1.92,-1.52,-0.41999999999999993,-0.7,-1.02,-0.56,-0.98,-0.6799999999999999,,,,,,,,,,
-1.02,4.26,-1.92,-1.52,-0.41999999999999993,-0.7,-1.02,-0.56,-0.98,-0.6799999999999999,,,,,,,,,,
-1.02,4.279999999999999,-1.92,-1.52,-0.41999999999999993,-0.7,-1.02,-0.56,-0.98,-0.6799999999999999,,,,,,,,,,
-1.02,4.300000000000001,-1.92,-1.52,-0.41999999999999993,-0.7,-1.02,-0.56,-0.98,-0.6799999999999999,,,,,,,,,,
-1.02,4.32,-1.92,-1.52,-0.41999999999999993,-0.7,-1.02,-0.56,-0.98,-0.6799999999999999,,,,,,,,,,
-1.02,4.34,-1.92,-1.52,-0.41999999999999993,-0.7,-1.02,-0.56,-0.98,-0.6799999999999999,,,,,,,,,,
-1.02,4.359999999999999,-1.92,-1.52,-0.41999999999999993,-0.7,-1.02,-0.56,-0.98,-0.6799999999999999,,,,,,,,,,
